ISO-10303-21;
HEADER;
/* Generated by software containing ST-Developer
 * from STEP Tools, Inc. (www.steptools.com) 
 */

FILE_DESCRIPTION(
/* description */ (''),
/* implementation_level */ '2;1');

FILE_NAME(
/* name */ 'Amp Plate.step',
/* time_stamp */ '2026-09-05T09:55:00+02:00',
/* author */ (''),
/* organization */ (''),
/* preprocessor_version */ 'ST-DEVELOPER v20.1',
/* originating_system */ 'Autodesk Translation Framework v15.8.0.0',
/* authorisation */ '');

FILE_SCHEMA (('AUTOMOTIVE_DESIGN { 1 0 10303 214 3 1 1 }'));
ENDSEC;

DATA;
#10=MECHANICAL_DESIGN_GEOMETRIC_PRESENTATION_REPRESENTATION('',(#13),#3743);
#11=SHAPE_REPRESENTATION_RELATIONSHIP('SRR','None',#3750,#12);
#12=ADVANCED_BREP_SHAPE_REPRESENTATION('',(#14),#3742);
#13=STYLED_ITEM('',(#3760),#14);
#14=MANIFOLD_SOLID_BREP('K\X\F6rper1',#2197);
#15=FACE_BOUND('',#336,.T.);
#16=FACE_BOUND('',#337,.T.);
#17=FACE_BOUND('',#338,.T.);
#18=FACE_BOUND('',#339,.T.);
#19=FACE_BOUND('',#340,.T.);
#20=FACE_BOUND('',#341,.T.);
#21=FACE_BOUND('',#342,.T.);
#22=FACE_BOUND('',#343,.T.);
#23=FACE_BOUND('',#344,.T.);
#24=FACE_BOUND('',#345,.T.);
#25=FACE_BOUND('',#346,.T.);
#26=FACE_BOUND('',#347,.T.);
#27=FACE_BOUND('',#348,.T.);
#28=FACE_BOUND('',#349,.T.);
#29=FACE_BOUND('',#350,.T.);
#30=FACE_BOUND('',#351,.T.);
#31=FACE_BOUND('',#352,.T.);
#32=FACE_BOUND('',#353,.T.);
#33=FACE_BOUND('',#354,.T.);
#34=FACE_BOUND('',#355,.T.);
#35=FACE_BOUND('',#356,.T.);
#36=FACE_BOUND('',#357,.T.);
#37=FACE_BOUND('',#358,.T.);
#38=FACE_BOUND('',#359,.T.);
#39=FACE_BOUND('',#360,.T.);
#40=FACE_BOUND('',#361,.T.);
#41=FACE_BOUND('',#362,.T.);
#42=FACE_BOUND('',#363,.T.);
#43=FACE_BOUND('',#364,.T.);
#44=FACE_BOUND('',#365,.T.);
#45=FACE_BOUND('',#366,.T.);
#46=FACE_BOUND('',#367,.T.);
#47=FACE_BOUND('',#368,.T.);
#48=FACE_BOUND('',#369,.T.);
#49=FACE_BOUND('',#370,.T.);
#50=FACE_BOUND('',#371,.T.);
#51=FACE_BOUND('',#372,.T.);
#52=FACE_BOUND('',#373,.T.);
#53=FACE_BOUND('',#374,.T.);
#54=FACE_BOUND('',#375,.T.);
#55=FACE_BOUND('',#376,.T.);
#56=FACE_BOUND('',#377,.T.);
#57=FACE_BOUND('',#378,.T.);
#58=FACE_BOUND('',#379,.T.);
#59=FACE_BOUND('',#380,.T.);
#60=FACE_BOUND('',#381,.T.);
#61=FACE_BOUND('',#382,.T.);
#62=FACE_BOUND('',#383,.T.);
#63=FACE_BOUND('',#384,.T.);
#64=FACE_BOUND('',#385,.T.);
#65=FACE_BOUND('',#386,.T.);
#66=FACE_BOUND('',#387,.T.);
#67=FACE_BOUND('',#388,.T.);
#68=FACE_BOUND('',#428,.T.);
#69=FACE_BOUND('',#429,.T.);
#70=FACE_BOUND('',#430,.T.);
#71=FACE_BOUND('',#431,.T.);
#72=FACE_BOUND('',#432,.T.);
#73=FACE_BOUND('',#433,.T.);
#74=FACE_BOUND('',#434,.T.);
#75=FACE_BOUND('',#435,.T.);
#76=FACE_BOUND('',#436,.T.);
#77=FACE_BOUND('',#437,.T.);
#78=FACE_BOUND('',#438,.T.);
#79=FACE_BOUND('',#439,.T.);
#80=FACE_BOUND('',#440,.T.);
#81=FACE_BOUND('',#441,.T.);
#82=FACE_BOUND('',#442,.T.);
#83=FACE_BOUND('',#443,.T.);
#84=FACE_BOUND('',#444,.T.);
#85=FACE_BOUND('',#445,.T.);
#86=FACE_BOUND('',#446,.T.);
#87=FACE_BOUND('',#447,.T.);
#88=FACE_BOUND('',#448,.T.);
#89=FACE_BOUND('',#449,.T.);
#90=FACE_BOUND('',#450,.T.);
#91=FACE_BOUND('',#451,.T.);
#92=FACE_BOUND('',#452,.T.);
#93=FACE_BOUND('',#453,.T.);
#94=FACE_BOUND('',#454,.T.);
#95=FACE_BOUND('',#455,.T.);
#96=FACE_BOUND('',#456,.T.);
#97=FACE_BOUND('',#457,.T.);
#98=FACE_BOUND('',#458,.T.);
#99=FACE_BOUND('',#459,.T.);
#100=FACE_BOUND('',#460,.T.);
#101=FACE_BOUND('',#461,.T.);
#102=FACE_BOUND('',#462,.T.);
#103=FACE_BOUND('',#463,.T.);
#104=FACE_BOUND('',#464,.T.);
#105=FACE_BOUND('',#465,.T.);
#106=FACE_BOUND('',#466,.T.);
#107=FACE_BOUND('',#467,.T.);
#108=FACE_BOUND('',#468,.T.);
#109=FACE_BOUND('',#469,.T.);
#110=FACE_BOUND('',#470,.T.);
#111=FACE_BOUND('',#471,.T.);
#112=FACE_BOUND('',#472,.T.);
#113=FACE_BOUND('',#473,.T.);
#114=FACE_BOUND('',#474,.T.);
#115=FACE_BOUND('',#475,.T.);
#116=FACE_BOUND('',#476,.T.);
#117=FACE_BOUND('',#477,.T.);
#118=FACE_BOUND('',#478,.T.);
#119=FACE_BOUND('',#479,.T.);
#120=FACE_BOUND('',#480,.T.);
#121=CYLINDRICAL_SURFACE('',#2228,1.25);
#122=CYLINDRICAL_SURFACE('',#2231,1.25);
#123=CYLINDRICAL_SURFACE('',#2309,2.);
#124=CYLINDRICAL_SURFACE('',#2312,2.);
#125=CYLINDRICAL_SURFACE('',#2314,2.);
#126=CYLINDRICAL_SURFACE('',#2317,2.);
#127=CYLINDRICAL_SURFACE('',#2322,1.5);
#128=CYLINDRICAL_SURFACE('',#2326,1.5);
#129=CYLINDRICAL_SURFACE('',#2330,1.5);
#130=CYLINDRICAL_SURFACE('',#2334,1.5);
#131=CYLINDRICAL_SURFACE('',#2338,1.5);
#132=CYLINDRICAL_SURFACE('',#2342,1.5);
#133=CYLINDRICAL_SURFACE('',#2346,1.5);
#134=CYLINDRICAL_SURFACE('',#2350,1.5);
#135=CYLINDRICAL_SURFACE('',#2354,1.5);
#136=CYLINDRICAL_SURFACE('',#2358,1.5);
#137=CYLINDRICAL_SURFACE('',#2360,5.);
#138=CYLINDRICAL_SURFACE('',#2413,5.);
#139=CYLINDRICAL_SURFACE('',#2415,5.);
#140=CYLINDRICAL_SURFACE('',#2416,5.);
#141=CYLINDRICAL_SURFACE('',#2417,1.5);
#142=CYLINDRICAL_SURFACE('',#2418,1.5);
#143=CYLINDRICAL_SURFACE('',#2419,1.5);
#144=CYLINDRICAL_SURFACE('',#2420,1.5);
#145=CYLINDRICAL_SURFACE('',#2421,1.5);
#146=CYLINDRICAL_SURFACE('',#2422,1.5);
#147=CYLINDRICAL_SURFACE('',#2423,1.5);
#148=CYLINDRICAL_SURFACE('',#2424,2.);
#149=CYLINDRICAL_SURFACE('',#2426,1.99999999999993);
#150=CYLINDRICAL_SURFACE('',#2428,2.00000000000021);
#151=CYLINDRICAL_SURFACE('',#2430,2.);
#152=CYLINDRICAL_SURFACE('',#2432,1.5);
#153=CYLINDRICAL_SURFACE('',#2433,1.5);
#154=CYLINDRICAL_SURFACE('',#2434,1.5);
#155=CYLINDRICAL_SURFACE('',#2435,1.5);
#156=CYLINDRICAL_SURFACE('',#2436,1.5);
#157=CYLINDRICAL_SURFACE('',#2437,1.5);
#158=CYLINDRICAL_SURFACE('',#2438,1.5);
#159=CYLINDRICAL_SURFACE('',#2439,1.5);
#160=CYLINDRICAL_SURFACE('',#2440,1.5);
#161=CYLINDRICAL_SURFACE('',#2441,1.5);
#162=CYLINDRICAL_SURFACE('',#2442,1.5);
#163=CYLINDRICAL_SURFACE('',#2443,3.50000000007981);
#164=CYLINDRICAL_SURFACE('',#2444,1.49999999999999);
#165=CYLINDRICAL_SURFACE('',#2445,1.5);
#166=CYLINDRICAL_SURFACE('',#2446,1.5);
#167=CYLINDRICAL_SURFACE('',#2447,12.);
#168=CYLINDRICAL_SURFACE('',#2448,1.5);
#169=CYLINDRICAL_SURFACE('',#2449,1.5);
#170=CYLINDRICAL_SURFACE('',#2450,1.5);
#171=CYLINDRICAL_SURFACE('',#2451,1.5);
#172=CYLINDRICAL_SURFACE('',#2452,1.5);
#173=CYLINDRICAL_SURFACE('',#2453,11.1);
#174=CYLINDRICAL_SURFACE('',#2455,1.24999999999999);
#175=CYLINDRICAL_SURFACE('',#2457,1.25);
#176=CYLINDRICAL_SURFACE('',#2458,1.5);
#177=CYLINDRICAL_SURFACE('',#2459,1.5);
#178=CYLINDRICAL_SURFACE('',#2460,1.5);
#179=CYLINDRICAL_SURFACE('',#2461,1.5);
#180=CYLINDRICAL_SURFACE('',#2462,1.5);
#181=CYLINDRICAL_SURFACE('',#2463,1.5);
#182=CYLINDRICAL_SURFACE('',#2464,1.5);
#183=CYLINDRICAL_SURFACE('',#2465,1.5);
#184=CYLINDRICAL_SURFACE('',#2466,1.5);
#185=CYLINDRICAL_SURFACE('',#2467,1.5);
#186=CYLINDRICAL_SURFACE('',#2468,1.5);
#187=PLANE('',#2214);
#188=PLANE('',#2218);
#189=PLANE('',#2222);
#190=PLANE('',#2226);
#191=PLANE('',#2227);
#192=PLANE('',#2230);
#193=PLANE('',#2233);
#194=PLANE('',#2298);
#195=PLANE('',#2301);
#196=PLANE('',#2304);
#197=PLANE('',#2307);
#198=PLANE('',#2308);
#199=PLANE('',#2311);
#200=PLANE('',#2316);
#201=PLANE('',#2319);
#202=PLANE('',#2362);
#203=PLANE('',#2363);
#204=PLANE('',#2414);
#205=PLANE('',#2425);
#206=PLANE('',#2427);
#207=PLANE('',#2429);
#208=PLANE('',#2431);
#209=PLANE('',#2454);
#210=PLANE('',#2456);
#211=PLANE('',#2469);
#212=PLANE('',#2470);
#213=FACE_OUTER_BOUND('',#323,.T.);
#214=FACE_OUTER_BOUND('',#324,.T.);
#215=FACE_OUTER_BOUND('',#325,.T.);
#216=FACE_OUTER_BOUND('',#326,.T.);
#217=FACE_OUTER_BOUND('',#327,.T.);
#218=FACE_OUTER_BOUND('',#328,.T.);
#219=FACE_OUTER_BOUND('',#329,.T.);
#220=FACE_OUTER_BOUND('',#330,.T.);
#221=FACE_OUTER_BOUND('',#331,.T.);
#222=FACE_OUTER_BOUND('',#332,.T.);
#223=FACE_OUTER_BOUND('',#333,.T.);
#224=FACE_OUTER_BOUND('',#334,.T.);
#225=FACE_OUTER_BOUND('',#335,.T.);
#226=FACE_OUTER_BOUND('',#389,.T.);
#227=FACE_OUTER_BOUND('',#390,.T.);
#228=FACE_OUTER_BOUND('',#391,.T.);
#229=FACE_OUTER_BOUND('',#392,.T.);
#230=FACE_OUTER_BOUND('',#393,.T.);
#231=FACE_OUTER_BOUND('',#394,.T.);
#232=FACE_OUTER_BOUND('',#395,.T.);
#233=FACE_OUTER_BOUND('',#396,.T.);
#234=FACE_OUTER_BOUND('',#397,.T.);
#235=FACE_OUTER_BOUND('',#398,.T.);
#236=FACE_OUTER_BOUND('',#399,.T.);
#237=FACE_OUTER_BOUND('',#400,.T.);
#238=FACE_OUTER_BOUND('',#401,.T.);
#239=FACE_OUTER_BOUND('',#402,.T.);
#240=FACE_OUTER_BOUND('',#403,.T.);
#241=FACE_OUTER_BOUND('',#404,.T.);
#242=FACE_OUTER_BOUND('',#405,.T.);
#243=FACE_OUTER_BOUND('',#406,.T.);
#244=FACE_OUTER_BOUND('',#407,.T.);
#245=FACE_OUTER_BOUND('',#408,.T.);
#246=FACE_OUTER_BOUND('',#409,.T.);
#247=FACE_OUTER_BOUND('',#410,.T.);
#248=FACE_OUTER_BOUND('',#411,.T.);
#249=FACE_OUTER_BOUND('',#412,.T.);
#250=FACE_OUTER_BOUND('',#413,.T.);
#251=FACE_OUTER_BOUND('',#414,.T.);
#252=FACE_OUTER_BOUND('',#415,.T.);
#253=FACE_OUTER_BOUND('',#416,.T.);
#254=FACE_OUTER_BOUND('',#417,.T.);
#255=FACE_OUTER_BOUND('',#418,.T.);
#256=FACE_OUTER_BOUND('',#419,.T.);
#257=FACE_OUTER_BOUND('',#420,.T.);
#258=FACE_OUTER_BOUND('',#421,.T.);
#259=FACE_OUTER_BOUND('',#422,.T.);
#260=FACE_OUTER_BOUND('',#423,.T.);
#261=FACE_OUTER_BOUND('',#424,.T.);
#262=FACE_OUTER_BOUND('',#425,.T.);
#263=FACE_OUTER_BOUND('',#426,.T.);
#264=FACE_OUTER_BOUND('',#427,.T.);
#265=FACE_OUTER_BOUND('',#481,.T.);
#266=FACE_OUTER_BOUND('',#482,.T.);
#267=FACE_OUTER_BOUND('',#483,.T.);
#268=FACE_OUTER_BOUND('',#484,.T.);
#269=FACE_OUTER_BOUND('',#485,.T.);
#270=FACE_OUTER_BOUND('',#486,.T.);
#271=FACE_OUTER_BOUND('',#487,.T.);
#272=FACE_OUTER_BOUND('',#488,.T.);
#273=FACE_OUTER_BOUND('',#489,.T.);
#274=FACE_OUTER_BOUND('',#490,.T.);
#275=FACE_OUTER_BOUND('',#491,.T.);
#276=FACE_OUTER_BOUND('',#492,.T.);
#277=FACE_OUTER_BOUND('',#493,.T.);
#278=FACE_OUTER_BOUND('',#494,.T.);
#279=FACE_OUTER_BOUND('',#495,.T.);
#280=FACE_OUTER_BOUND('',#496,.T.);
#281=FACE_OUTER_BOUND('',#497,.T.);
#282=FACE_OUTER_BOUND('',#498,.T.);
#283=FACE_OUTER_BOUND('',#499,.T.);
#284=FACE_OUTER_BOUND('',#500,.T.);
#285=FACE_OUTER_BOUND('',#501,.T.);
#286=FACE_OUTER_BOUND('',#502,.T.);
#287=FACE_OUTER_BOUND('',#503,.T.);
#288=FACE_OUTER_BOUND('',#504,.T.);
#289=FACE_OUTER_BOUND('',#505,.T.);
#290=FACE_OUTER_BOUND('',#506,.T.);
#291=FACE_OUTER_BOUND('',#507,.T.);
#292=FACE_OUTER_BOUND('',#508,.T.);
#293=FACE_OUTER_BOUND('',#509,.T.);
#294=FACE_OUTER_BOUND('',#510,.T.);
#295=FACE_OUTER_BOUND('',#511,.T.);
#296=FACE_OUTER_BOUND('',#512,.T.);
#297=FACE_OUTER_BOUND('',#513,.T.);
#298=FACE_OUTER_BOUND('',#514,.T.);
#299=FACE_OUTER_BOUND('',#515,.T.);
#300=FACE_OUTER_BOUND('',#516,.T.);
#301=FACE_OUTER_BOUND('',#517,.T.);
#302=FACE_OUTER_BOUND('',#518,.T.);
#303=FACE_OUTER_BOUND('',#519,.T.);
#304=FACE_OUTER_BOUND('',#520,.T.);
#305=FACE_OUTER_BOUND('',#521,.T.);
#306=FACE_OUTER_BOUND('',#522,.T.);
#307=FACE_OUTER_BOUND('',#523,.T.);
#308=FACE_OUTER_BOUND('',#524,.T.);
#309=FACE_OUTER_BOUND('',#525,.T.);
#310=FACE_OUTER_BOUND('',#526,.T.);
#311=FACE_OUTER_BOUND('',#527,.T.);
#312=FACE_OUTER_BOUND('',#528,.T.);
#313=FACE_OUTER_BOUND('',#529,.T.);
#314=FACE_OUTER_BOUND('',#530,.T.);
#315=FACE_OUTER_BOUND('',#531,.T.);
#316=FACE_OUTER_BOUND('',#532,.T.);
#317=FACE_OUTER_BOUND('',#533,.T.);
#318=FACE_OUTER_BOUND('',#534,.T.);
#319=FACE_OUTER_BOUND('',#535,.T.);
#320=FACE_OUTER_BOUND('',#536,.T.);
#321=FACE_OUTER_BOUND('',#537,.T.);
#322=FACE_OUTER_BOUND('',#538,.T.);
#323=EDGE_LOOP('',(#1473,#1474,#1475,#1476));
#324=EDGE_LOOP('',(#1477,#1478,#1479,#1480));
#325=EDGE_LOOP('',(#1481,#1482,#1483,#1484));
#326=EDGE_LOOP('',(#1485,#1486,#1487,#1488));
#327=EDGE_LOOP('',(#1489,#1490,#1491,#1492));
#328=EDGE_LOOP('',(#1493,#1494,#1495,#1496));
#329=EDGE_LOOP('',(#1497,#1498,#1499,#1500));
#330=EDGE_LOOP('',(#1501,#1502,#1503,#1504));
#331=EDGE_LOOP('',(#1505,#1506,#1507,#1508));
#332=EDGE_LOOP('',(#1509,#1510,#1511,#1512));
#333=EDGE_LOOP('',(#1513,#1514,#1515,#1516));
#334=EDGE_LOOP('',(#1517,#1518,#1519,#1520));
#335=EDGE_LOOP('',(#1521,#1522,#1523,#1524,#1525,#1526,#1527,#1528));
#336=EDGE_LOOP('',(#1529,#1530,#1531,#1532,#1533,#1534,#1535,#1536));
#337=EDGE_LOOP('',(#1537));
#338=EDGE_LOOP('',(#1538));
#339=EDGE_LOOP('',(#1539));
#340=EDGE_LOOP('',(#1540));
#341=EDGE_LOOP('',(#1541));
#342=EDGE_LOOP('',(#1542));
#343=EDGE_LOOP('',(#1543));
#344=EDGE_LOOP('',(#1544));
#345=EDGE_LOOP('',(#1545));
#346=EDGE_LOOP('',(#1546));
#347=EDGE_LOOP('',(#1547));
#348=EDGE_LOOP('',(#1548));
#349=EDGE_LOOP('',(#1549));
#350=EDGE_LOOP('',(#1550));
#351=EDGE_LOOP('',(#1551));
#352=EDGE_LOOP('',(#1552));
#353=EDGE_LOOP('',(#1553));
#354=EDGE_LOOP('',(#1554));
#355=EDGE_LOOP('',(#1555));
#356=EDGE_LOOP('',(#1556));
#357=EDGE_LOOP('',(#1557));
#358=EDGE_LOOP('',(#1558));
#359=EDGE_LOOP('',(#1559));
#360=EDGE_LOOP('',(#1560));
#361=EDGE_LOOP('',(#1561));
#362=EDGE_LOOP('',(#1562));
#363=EDGE_LOOP('',(#1563));
#364=EDGE_LOOP('',(#1564));
#365=EDGE_LOOP('',(#1565));
#366=EDGE_LOOP('',(#1566));
#367=EDGE_LOOP('',(#1567));
#368=EDGE_LOOP('',(#1568));
#369=EDGE_LOOP('',(#1569));
#370=EDGE_LOOP('',(#1570));
#371=EDGE_LOOP('',(#1571));
#372=EDGE_LOOP('',(#1572));
#373=EDGE_LOOP('',(#1573));
#374=EDGE_LOOP('',(#1574));
#375=EDGE_LOOP('',(#1575,#1576,#1577,#1578,#1579,#1580,#1581,#1582));
#376=EDGE_LOOP('',(#1583));
#377=EDGE_LOOP('',(#1584));
#378=EDGE_LOOP('',(#1585));
#379=EDGE_LOOP('',(#1586));
#380=EDGE_LOOP('',(#1587));
#381=EDGE_LOOP('',(#1588));
#382=EDGE_LOOP('',(#1589));
#383=EDGE_LOOP('',(#1590));
#384=EDGE_LOOP('',(#1591));
#385=EDGE_LOOP('',(#1592));
#386=EDGE_LOOP('',(#1593));
#387=EDGE_LOOP('',(#1594));
#388=EDGE_LOOP('',(#1595,#1596,#1597,#1598,#1599,#1600,#1601,#1602));
#389=EDGE_LOOP('',(#1603,#1604,#1605,#1606));
#390=EDGE_LOOP('',(#1607,#1608,#1609,#1610));
#391=EDGE_LOOP('',(#1611,#1612,#1613,#1614));
#392=EDGE_LOOP('',(#1615,#1616,#1617,#1618));
#393=EDGE_LOOP('',(#1619,#1620,#1621,#1622));
#394=EDGE_LOOP('',(#1623,#1624,#1625,#1626));
#395=EDGE_LOOP('',(#1627,#1628,#1629,#1630));
#396=EDGE_LOOP('',(#1631,#1632,#1633,#1634));
#397=EDGE_LOOP('',(#1635,#1636,#1637,#1638));
#398=EDGE_LOOP('',(#1639,#1640,#1641,#1642));
#399=EDGE_LOOP('',(#1643,#1644,#1645,#1646));
#400=EDGE_LOOP('',(#1647,#1648,#1649,#1650));
#401=EDGE_LOOP('',(#1651,#1652,#1653,#1654));
#402=EDGE_LOOP('',(#1655,#1656,#1657,#1658));
#403=EDGE_LOOP('',(#1659,#1660,#1661,#1662));
#404=EDGE_LOOP('',(#1663,#1664,#1665,#1666));
#405=EDGE_LOOP('',(#1667,#1668,#1669,#1670));
#406=EDGE_LOOP('',(#1671,#1672,#1673,#1674));
#407=EDGE_LOOP('',(#1675,#1676,#1677,#1678));
#408=EDGE_LOOP('',(#1679,#1680,#1681,#1682));
#409=EDGE_LOOP('',(#1683,#1684,#1685,#1686));
#410=EDGE_LOOP('',(#1687,#1688,#1689,#1690));
#411=EDGE_LOOP('',(#1691,#1692,#1693,#1694));
#412=EDGE_LOOP('',(#1695,#1696,#1697,#1698));
#413=EDGE_LOOP('',(#1699,#1700,#1701,#1702));
#414=EDGE_LOOP('',(#1703,#1704,#1705,#1706));
#415=EDGE_LOOP('',(#1707,#1708,#1709,#1710));
#416=EDGE_LOOP('',(#1711,#1712,#1713,#1714));
#417=EDGE_LOOP('',(#1715,#1716,#1717,#1718));
#418=EDGE_LOOP('',(#1719,#1720,#1721,#1722));
#419=EDGE_LOOP('',(#1723,#1724,#1725,#1726));
#420=EDGE_LOOP('',(#1727,#1728,#1729,#1730));
#421=EDGE_LOOP('',(#1731,#1732,#1733,#1734));
#422=EDGE_LOOP('',(#1735,#1736,#1737,#1738));
#423=EDGE_LOOP('',(#1739,#1740,#1741,#1742));
#424=EDGE_LOOP('',(#1743,#1744,#1745,#1746));
#425=EDGE_LOOP('',(#1747,#1748,#1749,#1750));
#426=EDGE_LOOP('',(#1751,#1752,#1753,#1754));
#427=EDGE_LOOP('',(#1755,#1756,#1757,#1758,#1759,#1760,#1761,#1762));
#428=EDGE_LOOP('',(#1763));
#429=EDGE_LOOP('',(#1764));
#430=EDGE_LOOP('',(#1765));
#431=EDGE_LOOP('',(#1766));
#432=EDGE_LOOP('',(#1767));
#433=EDGE_LOOP('',(#1768));
#434=EDGE_LOOP('',(#1769));
#435=EDGE_LOOP('',(#1770,#1771,#1772,#1773,#1774,#1775,#1776,#1777));
#436=EDGE_LOOP('',(#1778));
#437=EDGE_LOOP('',(#1779));
#438=EDGE_LOOP('',(#1780));
#439=EDGE_LOOP('',(#1781));
#440=EDGE_LOOP('',(#1782));
#441=EDGE_LOOP('',(#1783));
#442=EDGE_LOOP('',(#1784));
#443=EDGE_LOOP('',(#1785,#1786,#1787,#1788,#1789,#1790,#1791,#1792));
#444=EDGE_LOOP('',(#1793));
#445=EDGE_LOOP('',(#1794));
#446=EDGE_LOOP('',(#1795));
#447=EDGE_LOOP('',(#1796));
#448=EDGE_LOOP('',(#1797));
#449=EDGE_LOOP('',(#1798));
#450=EDGE_LOOP('',(#1799));
#451=EDGE_LOOP('',(#1800));
#452=EDGE_LOOP('',(#1801));
#453=EDGE_LOOP('',(#1802));
#454=EDGE_LOOP('',(#1803));
#455=EDGE_LOOP('',(#1804));
#456=EDGE_LOOP('',(#1805));
#457=EDGE_LOOP('',(#1806));
#458=EDGE_LOOP('',(#1807));
#459=EDGE_LOOP('',(#1808));
#460=EDGE_LOOP('',(#1809));
#461=EDGE_LOOP('',(#1810));
#462=EDGE_LOOP('',(#1811));
#463=EDGE_LOOP('',(#1812));
#464=EDGE_LOOP('',(#1813));
#465=EDGE_LOOP('',(#1814));
#466=EDGE_LOOP('',(#1815));
#467=EDGE_LOOP('',(#1816));
#468=EDGE_LOOP('',(#1817));
#469=EDGE_LOOP('',(#1818));
#470=EDGE_LOOP('',(#1819));
#471=EDGE_LOOP('',(#1820));
#472=EDGE_LOOP('',(#1821));
#473=EDGE_LOOP('',(#1822,#1823,#1824,#1825,#1826,#1827,#1828,#1829));
#474=EDGE_LOOP('',(#1830));
#475=EDGE_LOOP('',(#1831));
#476=EDGE_LOOP('',(#1832));
#477=EDGE_LOOP('',(#1833));
#478=EDGE_LOOP('',(#1834));
#479=EDGE_LOOP('',(#1835));
#480=EDGE_LOOP('',(#1836));
#481=EDGE_LOOP('',(#1837,#1838,#1839,#1840));
#482=EDGE_LOOP('',(#1841,#1842,#1843,#1844));
#483=EDGE_LOOP('',(#1845,#1846,#1847,#1848));
#484=EDGE_LOOP('',(#1849,#1850,#1851,#1852));
#485=EDGE_LOOP('',(#1853,#1854,#1855,#1856));
#486=EDGE_LOOP('',(#1857,#1858,#1859,#1860));
#487=EDGE_LOOP('',(#1861,#1862,#1863,#1864));
#488=EDGE_LOOP('',(#1865,#1866,#1867,#1868));
#489=EDGE_LOOP('',(#1869,#1870,#1871,#1872));
#490=EDGE_LOOP('',(#1873,#1874,#1875,#1876));
#491=EDGE_LOOP('',(#1877,#1878,#1879,#1880));
#492=EDGE_LOOP('',(#1881,#1882,#1883,#1884));
#493=EDGE_LOOP('',(#1885,#1886,#1887,#1888));
#494=EDGE_LOOP('',(#1889,#1890,#1891,#1892));
#495=EDGE_LOOP('',(#1893,#1894,#1895,#1896));
#496=EDGE_LOOP('',(#1897,#1898,#1899,#1900));
#497=EDGE_LOOP('',(#1901,#1902,#1903,#1904));
#498=EDGE_LOOP('',(#1905,#1906,#1907,#1908));
#499=EDGE_LOOP('',(#1909,#1910,#1911,#1912));
#500=EDGE_LOOP('',(#1913,#1914,#1915,#1916));
#501=EDGE_LOOP('',(#1917,#1918,#1919,#1920));
#502=EDGE_LOOP('',(#1921,#1922,#1923,#1924));
#503=EDGE_LOOP('',(#1925,#1926,#1927,#1928));
#504=EDGE_LOOP('',(#1929,#1930,#1931,#1932));
#505=EDGE_LOOP('',(#1933,#1934,#1935,#1936));
#506=EDGE_LOOP('',(#1937,#1938,#1939,#1940));
#507=EDGE_LOOP('',(#1941,#1942,#1943,#1944));
#508=EDGE_LOOP('',(#1945,#1946,#1947,#1948));
#509=EDGE_LOOP('',(#1949,#1950,#1951,#1952));
#510=EDGE_LOOP('',(#1953,#1954,#1955,#1956));
#511=EDGE_LOOP('',(#1957,#1958,#1959,#1960));
#512=EDGE_LOOP('',(#1961,#1962,#1963,#1964));
#513=EDGE_LOOP('',(#1965,#1966,#1967,#1968));
#514=EDGE_LOOP('',(#1969,#1970,#1971,#1972));
#515=EDGE_LOOP('',(#1973,#1974,#1975,#1976));
#516=EDGE_LOOP('',(#1977,#1978,#1979,#1980));
#517=EDGE_LOOP('',(#1981,#1982,#1983,#1984));
#518=EDGE_LOOP('',(#1985,#1986,#1987,#1988));
#519=EDGE_LOOP('',(#1989,#1990,#1991,#1992));
#520=EDGE_LOOP('',(#1993,#1994,#1995,#1996));
#521=EDGE_LOOP('',(#1997,#1998,#1999,#2000));
#522=EDGE_LOOP('',(#2001,#2002,#2003,#2004));
#523=EDGE_LOOP('',(#2005,#2006,#2007,#2008));
#524=EDGE_LOOP('',(#2009,#2010,#2011,#2012));
#525=EDGE_LOOP('',(#2013,#2014,#2015,#2016));
#526=EDGE_LOOP('',(#2017,#2018,#2019,#2020));
#527=EDGE_LOOP('',(#2021,#2022,#2023,#2024));
#528=EDGE_LOOP('',(#2025,#2026,#2027,#2028));
#529=EDGE_LOOP('',(#2029,#2030,#2031,#2032));
#530=EDGE_LOOP('',(#2033,#2034,#2035,#2036));
#531=EDGE_LOOP('',(#2037,#2038,#2039,#2040));
#532=EDGE_LOOP('',(#2041,#2042,#2043,#2044));
#533=EDGE_LOOP('',(#2045,#2046,#2047,#2048));
#534=EDGE_LOOP('',(#2049,#2050,#2051,#2052));
#535=EDGE_LOOP('',(#2053,#2054,#2055,#2056));
#536=EDGE_LOOP('',(#2057,#2058,#2059,#2060));
#537=EDGE_LOOP('',(#2061,#2062,#2063,#2064));
#538=EDGE_LOOP('',(#2065,#2066,#2067,#2068));
#539=CIRCLE('',#2212,2.25);
#540=CIRCLE('',#2213,1.25);
#541=CIRCLE('',#2216,2.25);
#542=CIRCLE('',#2217,1.25);
#543=CIRCLE('',#2220,2.25);
#544=CIRCLE('',#2221,1.25);
#545=CIRCLE('',#2224,2.24999999999999);
#546=CIRCLE('',#2225,1.24999999999999);
#547=CIRCLE('',#2229,1.25);
#548=CIRCLE('',#2232,1.25);
#549=CIRCLE('',#2234,5.);
#550=CIRCLE('',#2235,5.);
#551=CIRCLE('',#2236,5.);
#552=CIRCLE('',#2237,5.);
#553=CIRCLE('',#2238,3.);
#554=CIRCLE('',#2239,3.);
#555=CIRCLE('',#2240,3.);
#556=CIRCLE('',#2241,3.);
#557=CIRCLE('',#2242,3.00000000000001);
#558=CIRCLE('',#2243,3.);
#559=CIRCLE('',#2244,3.);
#560=CIRCLE('',#2245,3.00000000000001);
#561=CIRCLE('',#2246,3.00000000000001);
#562=CIRCLE('',#2247,1.5);
#563=CIRCLE('',#2248,1.5);
#564=CIRCLE('',#2249,1.5);
#565=CIRCLE('',#2250,1.5);
#566=CIRCLE('',#2251,1.5);
#567=CIRCLE('',#2252,1.5);
#568=CIRCLE('',#2253,1.5);
#569=CIRCLE('',#2254,1.5);
#570=CIRCLE('',#2255,1.5);
#571=CIRCLE('',#2256,1.5);
#572=CIRCLE('',#2257,1.5);
#573=CIRCLE('',#2258,11.1);
#574=CIRCLE('',#2259,1.5);
#575=CIRCLE('',#2260,1.5);
#576=CIRCLE('',#2261,1.5);
#577=CIRCLE('',#2262,1.5);
#578=CIRCLE('',#2263,1.5);
#579=CIRCLE('',#2264,12.);
#580=CIRCLE('',#2265,1.5);
#581=CIRCLE('',#2266,1.5);
#582=CIRCLE('',#2267,1.49999999999999);
#583=CIRCLE('',#2268,3.50000000007981);
#584=CIRCLE('',#2269,1.5);
#585=CIRCLE('',#2270,1.5);
#586=CIRCLE('',#2271,1.5);
#587=CIRCLE('',#2272,1.5);
#588=CIRCLE('',#2273,1.5);
#589=CIRCLE('',#2274,1.5);
#590=CIRCLE('',#2275,1.5);
#591=CIRCLE('',#2276,1.5);
#592=CIRCLE('',#2277,1.5);
#593=CIRCLE('',#2278,1.5);
#594=CIRCLE('',#2279,1.5);
#595=CIRCLE('',#2280,2.);
#596=CIRCLE('',#2281,2.00000000000021);
#597=CIRCLE('',#2282,1.99999999999993);
#598=CIRCLE('',#2283,2.);
#599=CIRCLE('',#2284,1.5);
#600=CIRCLE('',#2285,1.5);
#601=CIRCLE('',#2286,1.5);
#602=CIRCLE('',#2287,1.5);
#603=CIRCLE('',#2288,1.5);
#604=CIRCLE('',#2289,1.5);
#605=CIRCLE('',#2290,1.5);
#606=CIRCLE('',#2291,3.00000000000001);
#607=CIRCLE('',#2292,3.00000000000001);
#608=CIRCLE('',#2293,3.);
#609=CIRCLE('',#2294,3.00000000000001);
#610=CIRCLE('',#2295,3.);
#611=CIRCLE('',#2297,2.);
#612=CIRCLE('',#2300,2.);
#613=CIRCLE('',#2303,2.);
#614=CIRCLE('',#2306,2.);
#615=CIRCLE('',#2310,2.);
#616=CIRCLE('',#2313,2.);
#617=CIRCLE('',#2315,2.);
#618=CIRCLE('',#2318,2.);
#619=CIRCLE('',#2321,1.5);
#620=CIRCLE('',#2323,1.5);
#621=CIRCLE('',#2325,1.5);
#622=CIRCLE('',#2327,1.5);
#623=CIRCLE('',#2329,1.5);
#624=CIRCLE('',#2331,1.5);
#625=CIRCLE('',#2333,1.5);
#626=CIRCLE('',#2335,1.5);
#627=CIRCLE('',#2337,1.5);
#628=CIRCLE('',#2339,1.5);
#629=CIRCLE('',#2341,1.5);
#630=CIRCLE('',#2343,1.5);
#631=CIRCLE('',#2345,1.5);
#632=CIRCLE('',#2347,1.5);
#633=CIRCLE('',#2349,1.5);
#634=CIRCLE('',#2351,1.5);
#635=CIRCLE('',#2353,1.5);
#636=CIRCLE('',#2355,1.5);
#637=CIRCLE('',#2357,1.5);
#638=CIRCLE('',#2359,1.5);
#639=CIRCLE('',#2361,5.);
#640=CIRCLE('',#2364,5.);
#641=CIRCLE('',#2365,5.);
#642=CIRCLE('',#2366,5.);
#643=CIRCLE('',#2367,1.5);
#644=CIRCLE('',#2368,1.5);
#645=CIRCLE('',#2369,1.5);
#646=CIRCLE('',#2370,1.5);
#647=CIRCLE('',#2371,1.5);
#648=CIRCLE('',#2372,1.5);
#649=CIRCLE('',#2373,1.5);
#650=CIRCLE('',#2374,1.5);
#651=CIRCLE('',#2375,1.5);
#652=CIRCLE('',#2376,1.5);
#653=CIRCLE('',#2377,1.5);
#654=CIRCLE('',#2378,1.24999999999999);
#655=CIRCLE('',#2379,1.25);
#656=CIRCLE('',#2380,11.1);
#657=CIRCLE('',#2381,1.5);
#658=CIRCLE('',#2382,1.5);
#659=CIRCLE('',#2383,1.5);
#660=CIRCLE('',#2384,1.5);
#661=CIRCLE('',#2385,1.5);
#662=CIRCLE('',#2386,12.);
#663=CIRCLE('',#2387,1.5);
#664=CIRCLE('',#2388,1.5);
#665=CIRCLE('',#2389,1.49999999999999);
#666=CIRCLE('',#2390,3.50000000007981);
#667=CIRCLE('',#2391,1.5);
#668=CIRCLE('',#2392,1.5);
#669=CIRCLE('',#2393,1.5);
#670=CIRCLE('',#2394,1.5);
#671=CIRCLE('',#2395,1.5);
#672=CIRCLE('',#2396,1.5);
#673=CIRCLE('',#2397,1.5);
#674=CIRCLE('',#2398,1.5);
#675=CIRCLE('',#2399,1.5);
#676=CIRCLE('',#2400,1.5);
#677=CIRCLE('',#2401,1.5);
#678=CIRCLE('',#2402,2.);
#679=CIRCLE('',#2403,1.99999999999993);
#680=CIRCLE('',#2404,2.00000000000021);
#681=CIRCLE('',#2405,2.);
#682=CIRCLE('',#2406,1.5);
#683=CIRCLE('',#2407,1.5);
#684=CIRCLE('',#2408,1.5);
#685=CIRCLE('',#2409,1.5);
#686=CIRCLE('',#2410,1.5);
#687=CIRCLE('',#2411,1.5);
#688=CIRCLE('',#2412,1.5);
#689=LINE('',#3145,#837);
#690=LINE('',#3149,#838);
#691=LINE('',#3154,#839);
#692=LINE('',#3155,#840);
#693=LINE('',#3156,#841);
#694=LINE('',#3160,#842);
#695=LINE('',#3166,#843);
#696=LINE('',#3167,#844);
#697=LINE('',#3168,#845);
#698=LINE('',#3172,#846);
#699=LINE('',#3178,#847);
#700=LINE('',#3179,#848);
#701=LINE('',#3180,#849);
#702=LINE('',#3184,#850);
#703=LINE('',#3188,#851);
#704=LINE('',#3189,#852);
#705=LINE('',#3192,#853);
#706=LINE('',#3194,#854);
#707=LINE('',#3195,#855);
#708=LINE('',#3198,#856);
#709=LINE('',#3202,#857);
#710=LINE('',#3203,#858);
#711=LINE('',#3206,#859);
#712=LINE('',#3213,#860);
#713=LINE('',#3217,#861);
#714=LINE('',#3221,#862);
#715=LINE('',#3224,#863);
#716=LINE('',#3229,#864);
#717=LINE('',#3233,#865);
#718=LINE('',#3237,#866);
#719=LINE('',#3240,#867);
#720=LINE('',#3319,#868);
#721=LINE('',#3323,#869);
#722=LINE('',#3327,#870);
#723=LINE('',#3331,#871);
#724=LINE('',#3359,#872);
#725=LINE('',#3362,#873);
#726=LINE('',#3365,#874);
#727=LINE('',#3366,#875);
#728=LINE('',#3369,#876);
#729=LINE('',#3373,#877);
#730=LINE('',#3374,#878);
#731=LINE('',#3377,#879);
#732=LINE('',#3381,#880);
#733=LINE('',#3382,#881);
#734=LINE('',#3385,#882);
#735=LINE('',#3388,#883);
#736=LINE('',#3391,#884);
#737=LINE('',#3393,#885);
#738=LINE('',#3394,#886);
#739=LINE('',#3397,#887);
#740=LINE('',#3401,#888);
#741=LINE('',#3402,#889);
#742=LINE('',#3405,#890);
#743=LINE('',#3410,#891);
#744=LINE('',#3413,#892);
#745=LINE('',#3414,#893);
#746=LINE('',#3418,#894);
#747=LINE('',#3420,#895);
#748=LINE('',#3423,#896);
#749=LINE('',#3427,#897);
#750=LINE('',#3431,#898);
#751=LINE('',#3435,#899);
#752=LINE('',#3439,#900);
#753=LINE('',#3443,#901);
#754=LINE('',#3447,#902);
#755=LINE('',#3451,#903);
#756=LINE('',#3455,#904);
#757=LINE('',#3459,#905);
#758=LINE('',#3463,#906);
#759=LINE('',#3467,#907);
#760=LINE('',#3471,#908);
#761=LINE('',#3475,#909);
#762=LINE('',#3479,#910);
#763=LINE('',#3483,#911);
#764=LINE('',#3487,#912);
#765=LINE('',#3491,#913);
#766=LINE('',#3495,#914);
#767=LINE('',#3499,#915);
#768=LINE('',#3503,#916);
#769=LINE('',#3506,#917);
#770=LINE('',#3509,#918);
#771=LINE('',#3510,#919);
#772=LINE('',#3513,#920);
#773=LINE('',#3517,#921);
#774=LINE('',#3521,#922);
#775=LINE('',#3546,#923);
#776=LINE('',#3550,#924);
#777=LINE('',#3598,#925);
#778=LINE('',#3602,#926);
#779=LINE('',#3606,#927);
#780=LINE('',#3610,#928);
#781=LINE('',#3627,#929);
#782=LINE('',#3628,#930);
#783=LINE('',#3630,#931);
#784=LINE('',#3632,#932);
#785=LINE('',#3634,#933);
#786=LINE('',#3636,#934);
#787=LINE('',#3638,#935);
#788=LINE('',#3640,#936);
#789=LINE('',#3642,#937);
#790=LINE('',#3644,#938);
#791=LINE('',#3646,#939);
#792=LINE('',#3648,#940);
#793=LINE('',#3650,#941);
#794=LINE('',#3651,#942);
#795=LINE('',#3653,#943);
#796=LINE('',#3655,#944);
#797=LINE('',#3657,#945);
#798=LINE('',#3659,#946);
#799=LINE('',#3661,#947);
#800=LINE('',#3663,#948);
#801=LINE('',#3666,#949);
#802=LINE('',#3668,#950);
#803=LINE('',#3670,#951);
#804=LINE('',#3672,#952);
#805=LINE('',#3674,#953);
#806=LINE('',#3676,#954);
#807=LINE('',#3678,#955);
#808=LINE('',#3680,#956);
#809=LINE('',#3682,#957);
#810=LINE('',#3684,#958);
#811=LINE('',#3686,#959);
#812=LINE('',#3688,#960);
#813=LINE('',#3690,#961);
#814=LINE('',#3692,#962);
#815=LINE('',#3694,#963);
#816=LINE('',#3696,#964);
#817=LINE('',#3698,#965);
#818=LINE('',#3700,#966);
#819=LINE('',#3702,#967);
#820=LINE('',#3704,#968);
#821=LINE('',#3706,#969);
#822=LINE('',#3708,#970);
#823=LINE('',#3710,#971);
#824=LINE('',#3712,#972);
#825=LINE('',#3714,#973);
#826=LINE('',#3717,#974);
#827=LINE('',#3719,#975);
#828=LINE('',#3721,#976);
#829=LINE('',#3723,#977);
#830=LINE('',#3725,#978);
#831=LINE('',#3727,#979);
#832=LINE('',#3729,#980);
#833=LINE('',#3731,#981);
#834=LINE('',#3733,#982);
#835=LINE('',#3735,#983);
#836=LINE('',#3737,#984);
#837=VECTOR('',#2475,10.);
#838=VECTOR('',#2478,10.);
#839=VECTOR('',#2483,10.);
#840=VECTOR('',#2484,10.);
#841=VECTOR('',#2485,10.);
#842=VECTOR('',#2488,10.);
#843=VECTOR('',#2495,10.);
#844=VECTOR('',#2496,10.);
#845=VECTOR('',#2497,10.);
#846=VECTOR('',#2500,10.);
#847=VECTOR('',#2507,10.);
#848=VECTOR('',#2508,10.);
#849=VECTOR('',#2509,10.);
#850=VECTOR('',#2512,10.);
#851=VECTOR('',#2519,10.);
#852=VECTOR('',#2520,10.);
#853=VECTOR('',#2523,10.);
#854=VECTOR('',#2524,10.);
#855=VECTOR('',#2525,10.);
#856=VECTOR('',#2528,10.);
#857=VECTOR('',#2533,10.);
#858=VECTOR('',#2534,10.);
#859=VECTOR('',#2537,10.);
#860=VECTOR('',#2544,10.);
#861=VECTOR('',#2547,10.);
#862=VECTOR('',#2550,10.);
#863=VECTOR('',#2553,10.);
#864=VECTOR('',#2556,10.);
#865=VECTOR('',#2559,10.);
#866=VECTOR('',#2562,10.);
#867=VECTOR('',#2565,10.);
#868=VECTOR('',#2642,10.);
#869=VECTOR('',#2645,10.);
#870=VECTOR('',#2648,10.);
#871=VECTOR('',#2651,10.);
#872=VECTOR('',#2680,10.);
#873=VECTOR('',#2683,10.);
#874=VECTOR('',#2686,10.);
#875=VECTOR('',#2687,10.);
#876=VECTOR('',#2690,10.);
#877=VECTOR('',#2695,10.);
#878=VECTOR('',#2696,10.);
#879=VECTOR('',#2699,10.);
#880=VECTOR('',#2704,10.);
#881=VECTOR('',#2705,10.);
#882=VECTOR('',#2708,10.);
#883=VECTOR('',#2713,10.);
#884=VECTOR('',#2716,10.);
#885=VECTOR('',#2717,10.);
#886=VECTOR('',#2718,10.);
#887=VECTOR('',#2721,10.);
#888=VECTOR('',#2726,10.);
#889=VECTOR('',#2727,10.);
#890=VECTOR('',#2730,10.);
#891=VECTOR('',#2737,10.);
#892=VECTOR('',#2740,10.);
#893=VECTOR('',#2741,10.);
#894=VECTOR('',#2746,10.);
#895=VECTOR('',#2749,10.);
#896=VECTOR('',#2752,2.25);
#897=VECTOR('',#2757,1.5);
#898=VECTOR('',#2762,2.25000000000001);
#899=VECTOR('',#2767,1.5);
#900=VECTOR('',#2772,2.25000000000001);
#901=VECTOR('',#2777,1.5);
#902=VECTOR('',#2782,2.25);
#903=VECTOR('',#2787,1.5);
#904=VECTOR('',#2792,2.25);
#905=VECTOR('',#2797,1.5);
#906=VECTOR('',#2802,2.25);
#907=VECTOR('',#2807,1.5);
#908=VECTOR('',#2812,2.25000000000001);
#909=VECTOR('',#2817,1.5);
#910=VECTOR('',#2822,2.25000000000001);
#911=VECTOR('',#2827,1.5);
#912=VECTOR('',#2832,2.25000000000001);
#913=VECTOR('',#2837,1.5);
#914=VECTOR('',#2842,2.25000000000001);
#915=VECTOR('',#2847,1.5);
#916=VECTOR('',#2852,10.);
#917=VECTOR('',#2855,10.);
#918=VECTOR('',#2858,10.);
#919=VECTOR('',#2859,10.);
#920=VECTOR('',#2862,10.);
#921=VECTOR('',#2865,10.);
#922=VECTOR('',#2868,10.);
#923=VECTOR('',#2893,10.);
#924=VECTOR('',#2896,10.);
#925=VECTOR('',#2943,10.);
#926=VECTOR('',#2946,10.);
#927=VECTOR('',#2949,10.);
#928=VECTOR('',#2952,10.);
#929=VECTOR('',#2971,10.);
#930=VECTOR('',#2972,10.);
#931=VECTOR('',#2975,10.);
#932=VECTOR('',#2978,10.);
#933=VECTOR('',#2981,10.);
#934=VECTOR('',#2984,1.5);
#935=VECTOR('',#2987,1.5);
#936=VECTOR('',#2990,1.5);
#937=VECTOR('',#2993,1.5);
#938=VECTOR('',#2996,1.5);
#939=VECTOR('',#2999,1.5);
#940=VECTOR('',#3002,1.5);
#941=VECTOR('',#3005,10.);
#942=VECTOR('',#3006,10.);
#943=VECTOR('',#3009,10.);
#944=VECTOR('',#3012,10.);
#945=VECTOR('',#3015,10.);
#946=VECTOR('',#3018,10.);
#947=VECTOR('',#3021,10.);
#948=VECTOR('',#3024,10.);
#949=VECTOR('',#3029,1.5);
#950=VECTOR('',#3032,1.5);
#951=VECTOR('',#3035,1.5);
#952=VECTOR('',#3038,1.5);
#953=VECTOR('',#3041,1.5);
#954=VECTOR('',#3044,1.5);
#955=VECTOR('',#3047,1.5);
#956=VECTOR('',#3050,1.5);
#957=VECTOR('',#3053,1.5);
#958=VECTOR('',#3056,1.5);
#959=VECTOR('',#3059,1.5);
#960=VECTOR('',#3062,3.50000000007981);
#961=VECTOR('',#3065,1.49999999999999);
#962=VECTOR('',#3068,1.5);
#963=VECTOR('',#3071,1.5);
#964=VECTOR('',#3074,12.);
#965=VECTOR('',#3077,1.5);
#966=VECTOR('',#3080,1.5);
#967=VECTOR('',#3083,1.5);
#968=VECTOR('',#3086,1.5);
#969=VECTOR('',#3089,1.5);
#970=VECTOR('',#3092,11.1);
#971=VECTOR('',#3095,10.);
#972=VECTOR('',#3098,10.);
#973=VECTOR('',#3101,10.);
#974=VECTOR('',#3106,1.5);
#975=VECTOR('',#3109,1.5);
#976=VECTOR('',#3112,1.5);
#977=VECTOR('',#3115,1.5);
#978=VECTOR('',#3118,1.5);
#979=VECTOR('',#3121,1.5);
#980=VECTOR('',#3124,1.5);
#981=VECTOR('',#3127,1.5);
#982=VECTOR('',#3130,1.5);
#983=VECTOR('',#3133,1.5);
#984=VECTOR('',#3136,1.5);
#985=VERTEX_POINT('',#3143);
#986=VERTEX_POINT('',#3144);
#987=VERTEX_POINT('',#3146);
#988=VERTEX_POINT('',#3148);
#989=VERTEX_POINT('',#3152);
#990=VERTEX_POINT('',#3153);
#991=VERTEX_POINT('',#3158);
#992=VERTEX_POINT('',#3159);
#993=VERTEX_POINT('',#3164);
#994=VERTEX_POINT('',#3165);
#995=VERTEX_POINT('',#3170);
#996=VERTEX_POINT('',#3171);
#997=VERTEX_POINT('',#3176);
#998=VERTEX_POINT('',#3177);
#999=VERTEX_POINT('',#3182);
#1000=VERTEX_POINT('',#3183);
#1001=VERTEX_POINT('',#3191);
#1002=VERTEX_POINT('',#3193);
#1003=VERTEX_POINT('',#3197);
#1004=VERTEX_POINT('',#3201);
#1005=VERTEX_POINT('',#3205);
#1006=VERTEX_POINT('',#3209);
#1007=VERTEX_POINT('',#3210);
#1008=VERTEX_POINT('',#3212);
#1009=VERTEX_POINT('',#3214);
#1010=VERTEX_POINT('',#3216);
#1011=VERTEX_POINT('',#3218);
#1012=VERTEX_POINT('',#3220);
#1013=VERTEX_POINT('',#3222);
#1014=VERTEX_POINT('',#3225);
#1015=VERTEX_POINT('',#3226);
#1016=VERTEX_POINT('',#3228);
#1017=VERTEX_POINT('',#3230);
#1018=VERTEX_POINT('',#3232);
#1019=VERTEX_POINT('',#3234);
#1020=VERTEX_POINT('',#3236);
#1021=VERTEX_POINT('',#3238);
#1022=VERTEX_POINT('',#3241);
#1023=VERTEX_POINT('',#3243);
#1024=VERTEX_POINT('',#3245);
#1025=VERTEX_POINT('',#3247);
#1026=VERTEX_POINT('',#3249);
#1027=VERTEX_POINT('',#3251);
#1028=VERTEX_POINT('',#3253);
#1029=VERTEX_POINT('',#3255);
#1030=VERTEX_POINT('',#3257);
#1031=VERTEX_POINT('',#3259);
#1032=VERTEX_POINT('',#3261);
#1033=VERTEX_POINT('',#3263);
#1034=VERTEX_POINT('',#3265);
#1035=VERTEX_POINT('',#3267);
#1036=VERTEX_POINT('',#3269);
#1037=VERTEX_POINT('',#3271);
#1038=VERTEX_POINT('',#3273);
#1039=VERTEX_POINT('',#3275);
#1040=VERTEX_POINT('',#3277);
#1041=VERTEX_POINT('',#3279);
#1042=VERTEX_POINT('',#3281);
#1043=VERTEX_POINT('',#3283);
#1044=VERTEX_POINT('',#3285);
#1045=VERTEX_POINT('',#3287);
#1046=VERTEX_POINT('',#3289);
#1047=VERTEX_POINT('',#3291);
#1048=VERTEX_POINT('',#3293);
#1049=VERTEX_POINT('',#3295);
#1050=VERTEX_POINT('',#3297);
#1051=VERTEX_POINT('',#3299);
#1052=VERTEX_POINT('',#3301);
#1053=VERTEX_POINT('',#3303);
#1054=VERTEX_POINT('',#3305);
#1055=VERTEX_POINT('',#3307);
#1056=VERTEX_POINT('',#3309);
#1057=VERTEX_POINT('',#3311);
#1058=VERTEX_POINT('',#3313);
#1059=VERTEX_POINT('',#3315);
#1060=VERTEX_POINT('',#3317);
#1061=VERTEX_POINT('',#3318);
#1062=VERTEX_POINT('',#3320);
#1063=VERTEX_POINT('',#3322);
#1064=VERTEX_POINT('',#3324);
#1065=VERTEX_POINT('',#3326);
#1066=VERTEX_POINT('',#3328);
#1067=VERTEX_POINT('',#3330);
#1068=VERTEX_POINT('',#3333);
#1069=VERTEX_POINT('',#3335);
#1070=VERTEX_POINT('',#3337);
#1071=VERTEX_POINT('',#3339);
#1072=VERTEX_POINT('',#3341);
#1073=VERTEX_POINT('',#3343);
#1074=VERTEX_POINT('',#3345);
#1075=VERTEX_POINT('',#3347);
#1076=VERTEX_POINT('',#3349);
#1077=VERTEX_POINT('',#3351);
#1078=VERTEX_POINT('',#3353);
#1079=VERTEX_POINT('',#3355);
#1080=VERTEX_POINT('',#3358);
#1081=VERTEX_POINT('',#3360);
#1082=VERTEX_POINT('',#3364);
#1083=VERTEX_POINT('',#3368);
#1084=VERTEX_POINT('',#3372);
#1085=VERTEX_POINT('',#3376);
#1086=VERTEX_POINT('',#3380);
#1087=VERTEX_POINT('',#3384);
#1088=VERTEX_POINT('',#3390);
#1089=VERTEX_POINT('',#3392);
#1090=VERTEX_POINT('',#3396);
#1091=VERTEX_POINT('',#3400);
#1092=VERTEX_POINT('',#3404);
#1093=VERTEX_POINT('',#3408);
#1094=VERTEX_POINT('',#3412);
#1095=VERTEX_POINT('',#3416);
#1096=VERTEX_POINT('',#3422);
#1097=VERTEX_POINT('',#3426);
#1098=VERTEX_POINT('',#3430);
#1099=VERTEX_POINT('',#3434);
#1100=VERTEX_POINT('',#3438);
#1101=VERTEX_POINT('',#3442);
#1102=VERTEX_POINT('',#3446);
#1103=VERTEX_POINT('',#3450);
#1104=VERTEX_POINT('',#3454);
#1105=VERTEX_POINT('',#3458);
#1106=VERTEX_POINT('',#3462);
#1107=VERTEX_POINT('',#3466);
#1108=VERTEX_POINT('',#3470);
#1109=VERTEX_POINT('',#3474);
#1110=VERTEX_POINT('',#3478);
#1111=VERTEX_POINT('',#3482);
#1112=VERTEX_POINT('',#3486);
#1113=VERTEX_POINT('',#3490);
#1114=VERTEX_POINT('',#3494);
#1115=VERTEX_POINT('',#3498);
#1116=VERTEX_POINT('',#3502);
#1117=VERTEX_POINT('',#3504);
#1118=VERTEX_POINT('',#3508);
#1119=VERTEX_POINT('',#3512);
#1120=VERTEX_POINT('',#3514);
#1121=VERTEX_POINT('',#3516);
#1122=VERTEX_POINT('',#3518);
#1123=VERTEX_POINT('',#3520);
#1124=VERTEX_POINT('',#3523);
#1125=VERTEX_POINT('',#3525);
#1126=VERTEX_POINT('',#3527);
#1127=VERTEX_POINT('',#3529);
#1128=VERTEX_POINT('',#3531);
#1129=VERTEX_POINT('',#3533);
#1130=VERTEX_POINT('',#3535);
#1131=VERTEX_POINT('',#3537);
#1132=VERTEX_POINT('',#3539);
#1133=VERTEX_POINT('',#3541);
#1134=VERTEX_POINT('',#3543);
#1135=VERTEX_POINT('',#3545);
#1136=VERTEX_POINT('',#3547);
#1137=VERTEX_POINT('',#3549);
#1138=VERTEX_POINT('',#3552);
#1139=VERTEX_POINT('',#3554);
#1140=VERTEX_POINT('',#3556);
#1141=VERTEX_POINT('',#3558);
#1142=VERTEX_POINT('',#3560);
#1143=VERTEX_POINT('',#3562);
#1144=VERTEX_POINT('',#3564);
#1145=VERTEX_POINT('',#3566);
#1146=VERTEX_POINT('',#3568);
#1147=VERTEX_POINT('',#3570);
#1148=VERTEX_POINT('',#3572);
#1149=VERTEX_POINT('',#3574);
#1150=VERTEX_POINT('',#3576);
#1151=VERTEX_POINT('',#3578);
#1152=VERTEX_POINT('',#3580);
#1153=VERTEX_POINT('',#3582);
#1154=VERTEX_POINT('',#3584);
#1155=VERTEX_POINT('',#3586);
#1156=VERTEX_POINT('',#3588);
#1157=VERTEX_POINT('',#3590);
#1158=VERTEX_POINT('',#3592);
#1159=VERTEX_POINT('',#3594);
#1160=VERTEX_POINT('',#3596);
#1161=VERTEX_POINT('',#3597);
#1162=VERTEX_POINT('',#3599);
#1163=VERTEX_POINT('',#3601);
#1164=VERTEX_POINT('',#3603);
#1165=VERTEX_POINT('',#3605);
#1166=VERTEX_POINT('',#3607);
#1167=VERTEX_POINT('',#3609);
#1168=VERTEX_POINT('',#3612);
#1169=VERTEX_POINT('',#3614);
#1170=VERTEX_POINT('',#3616);
#1171=VERTEX_POINT('',#3618);
#1172=VERTEX_POINT('',#3620);
#1173=VERTEX_POINT('',#3622);
#1174=VERTEX_POINT('',#3624);
#1175=EDGE_CURVE('',#985,#986,#689,.T.);
#1176=EDGE_CURVE('',#986,#987,#539,.T.);
#1177=EDGE_CURVE('',#987,#988,#690,.T.);
#1178=EDGE_CURVE('',#988,#985,#540,.T.);
#1179=EDGE_CURVE('',#989,#990,#691,.T.);
#1180=EDGE_CURVE('',#990,#986,#692,.T.);
#1181=EDGE_CURVE('',#985,#989,#693,.T.);
#1182=EDGE_CURVE('',#991,#992,#694,.T.);
#1183=EDGE_CURVE('',#992,#990,#541,.T.);
#1184=EDGE_CURVE('',#989,#991,#542,.T.);
#1185=EDGE_CURVE('',#993,#994,#695,.T.);
#1186=EDGE_CURVE('',#994,#992,#696,.T.);
#1187=EDGE_CURVE('',#991,#993,#697,.T.);
#1188=EDGE_CURVE('',#995,#996,#698,.T.);
#1189=EDGE_CURVE('',#996,#994,#543,.T.);
#1190=EDGE_CURVE('',#993,#995,#544,.T.);
#1191=EDGE_CURVE('',#997,#998,#699,.T.);
#1192=EDGE_CURVE('',#998,#996,#700,.T.);
#1193=EDGE_CURVE('',#995,#997,#701,.T.);
#1194=EDGE_CURVE('',#999,#1000,#702,.T.);
#1195=EDGE_CURVE('',#1000,#998,#545,.T.);
#1196=EDGE_CURVE('',#997,#999,#546,.T.);
#1197=EDGE_CURVE('',#987,#1000,#703,.T.);
#1198=EDGE_CURVE('',#999,#988,#704,.T.);
#1199=EDGE_CURVE('',#1001,#991,#705,.T.);
#1200=EDGE_CURVE('',#1001,#1002,#706,.T.);
#1201=EDGE_CURVE('',#1002,#993,#707,.T.);
#1202=EDGE_CURVE('',#1003,#989,#708,.T.);
#1203=EDGE_CURVE('',#1003,#1001,#547,.T.);
#1204=EDGE_CURVE('',#1004,#985,#709,.T.);
#1205=EDGE_CURVE('',#1004,#1003,#710,.T.);
#1206=EDGE_CURVE('',#1005,#988,#711,.T.);
#1207=EDGE_CURVE('',#1005,#1004,#548,.T.);
#1208=EDGE_CURVE('',#1006,#1007,#549,.T.);
#1209=EDGE_CURVE('',#1006,#1008,#712,.T.);
#1210=EDGE_CURVE('',#1009,#1008,#550,.T.);
#1211=EDGE_CURVE('',#1009,#1010,#713,.T.);
#1212=EDGE_CURVE('',#1011,#1010,#551,.T.);
#1213=EDGE_CURVE('',#1011,#1012,#714,.T.);
#1214=EDGE_CURVE('',#1013,#1012,#552,.T.);
#1215=EDGE_CURVE('',#1013,#1007,#715,.T.);
#1216=EDGE_CURVE('',#1014,#1015,#553,.T.);
#1217=EDGE_CURVE('',#1016,#1014,#716,.T.);
#1218=EDGE_CURVE('',#1017,#1016,#554,.T.);
#1219=EDGE_CURVE('',#1018,#1017,#717,.T.);
#1220=EDGE_CURVE('',#1019,#1018,#555,.T.);
#1221=EDGE_CURVE('',#1020,#1019,#718,.T.);
#1222=EDGE_CURVE('',#1021,#1020,#556,.T.);
#1223=EDGE_CURVE('',#1015,#1021,#719,.T.);
#1224=EDGE_CURVE('',#1022,#1022,#557,.T.);
#1225=EDGE_CURVE('',#1023,#1023,#558,.T.);
#1226=EDGE_CURVE('',#1024,#1024,#559,.T.);
#1227=EDGE_CURVE('',#1025,#1025,#560,.T.);
#1228=EDGE_CURVE('',#1026,#1026,#561,.T.);
#1229=EDGE_CURVE('',#1027,#1027,#562,.T.);
#1230=EDGE_CURVE('',#1028,#1028,#563,.T.);
#1231=EDGE_CURVE('',#1029,#1029,#564,.T.);
#1232=EDGE_CURVE('',#1030,#1030,#565,.T.);
#1233=EDGE_CURVE('',#1031,#1031,#566,.T.);
#1234=EDGE_CURVE('',#1032,#1032,#567,.T.);
#1235=EDGE_CURVE('',#1033,#1033,#568,.T.);
#1236=EDGE_CURVE('',#1034,#1034,#569,.T.);
#1237=EDGE_CURVE('',#1035,#1035,#570,.T.);
#1238=EDGE_CURVE('',#1036,#1036,#571,.T.);
#1239=EDGE_CURVE('',#1037,#1037,#572,.T.);
#1240=EDGE_CURVE('',#1038,#1038,#573,.T.);
#1241=EDGE_CURVE('',#1039,#1039,#574,.T.);
#1242=EDGE_CURVE('',#1040,#1040,#575,.T.);
#1243=EDGE_CURVE('',#1041,#1041,#576,.T.);
#1244=EDGE_CURVE('',#1042,#1042,#577,.T.);
#1245=EDGE_CURVE('',#1043,#1043,#578,.T.);
#1246=EDGE_CURVE('',#1044,#1044,#579,.T.);
#1247=EDGE_CURVE('',#1045,#1045,#580,.T.);
#1248=EDGE_CURVE('',#1046,#1046,#581,.T.);
#1249=EDGE_CURVE('',#1047,#1047,#582,.T.);
#1250=EDGE_CURVE('',#1048,#1048,#583,.T.);
#1251=EDGE_CURVE('',#1049,#1049,#584,.T.);
#1252=EDGE_CURVE('',#1050,#1050,#585,.T.);
#1253=EDGE_CURVE('',#1051,#1051,#586,.T.);
#1254=EDGE_CURVE('',#1052,#1052,#587,.T.);
#1255=EDGE_CURVE('',#1053,#1053,#588,.T.);
#1256=EDGE_CURVE('',#1054,#1054,#589,.T.);
#1257=EDGE_CURVE('',#1055,#1055,#590,.T.);
#1258=EDGE_CURVE('',#1056,#1056,#591,.T.);
#1259=EDGE_CURVE('',#1057,#1057,#592,.T.);
#1260=EDGE_CURVE('',#1058,#1058,#593,.T.);
#1261=EDGE_CURVE('',#1059,#1059,#594,.T.);
#1262=EDGE_CURVE('',#1060,#1061,#720,.T.);
#1263=EDGE_CURVE('',#1061,#1062,#595,.T.);
#1264=EDGE_CURVE('',#1062,#1063,#721,.T.);
#1265=EDGE_CURVE('',#1063,#1064,#596,.T.);
#1266=EDGE_CURVE('',#1064,#1065,#722,.T.);
#1267=EDGE_CURVE('',#1065,#1066,#597,.T.);
#1268=EDGE_CURVE('',#1066,#1067,#723,.T.);
#1269=EDGE_CURVE('',#1067,#1060,#598,.T.);
#1270=EDGE_CURVE('',#1068,#1068,#599,.T.);
#1271=EDGE_CURVE('',#1069,#1069,#600,.T.);
#1272=EDGE_CURVE('',#1070,#1070,#601,.T.);
#1273=EDGE_CURVE('',#1071,#1071,#602,.T.);
#1274=EDGE_CURVE('',#1072,#1072,#603,.T.);
#1275=EDGE_CURVE('',#1073,#1073,#604,.T.);
#1276=EDGE_CURVE('',#1074,#1074,#605,.T.);
#1277=EDGE_CURVE('',#1075,#1075,#606,.T.);
#1278=EDGE_CURVE('',#1076,#1076,#607,.T.);
#1279=EDGE_CURVE('',#1077,#1077,#608,.T.);
#1280=EDGE_CURVE('',#1078,#1078,#609,.T.);
#1281=EDGE_CURVE('',#1079,#1079,#610,.T.);
#1282=EDGE_CURVE('',#1015,#1080,#724,.T.);
#1283=EDGE_CURVE('',#1080,#1081,#611,.T.);
#1284=EDGE_CURVE('',#1081,#1014,#725,.T.);
#1285=EDGE_CURVE('',#1021,#1082,#726,.T.);
#1286=EDGE_CURVE('',#1082,#1080,#727,.T.);
#1287=EDGE_CURVE('',#1020,#1083,#728,.T.);
#1288=EDGE_CURVE('',#1083,#1082,#612,.T.);
#1289=EDGE_CURVE('',#1019,#1084,#729,.T.);
#1290=EDGE_CURVE('',#1084,#1083,#730,.T.);
#1291=EDGE_CURVE('',#1018,#1085,#731,.T.);
#1292=EDGE_CURVE('',#1085,#1084,#613,.T.);
#1293=EDGE_CURVE('',#1017,#1086,#732,.T.);
#1294=EDGE_CURVE('',#1086,#1085,#733,.T.);
#1295=EDGE_CURVE('',#1016,#1087,#734,.T.);
#1296=EDGE_CURVE('',#1087,#1086,#614,.T.);
#1297=EDGE_CURVE('',#1081,#1087,#735,.T.);
#1298=EDGE_CURVE('',#1088,#1086,#736,.T.);
#1299=EDGE_CURVE('',#1088,#1089,#737,.T.);
#1300=EDGE_CURVE('',#1085,#1089,#738,.T.);
#1301=EDGE_CURVE('',#1087,#1090,#739,.T.);
#1302=EDGE_CURVE('',#1090,#1088,#615,.T.);
#1303=EDGE_CURVE('',#1091,#1081,#740,.T.);
#1304=EDGE_CURVE('',#1091,#1090,#741,.T.);
#1305=EDGE_CURVE('',#1080,#1092,#742,.T.);
#1306=EDGE_CURVE('',#1092,#1091,#616,.T.);
#1307=EDGE_CURVE('',#1089,#1093,#617,.T.);
#1308=EDGE_CURVE('',#1093,#1084,#743,.T.);
#1309=EDGE_CURVE('',#1093,#1094,#744,.T.);
#1310=EDGE_CURVE('',#1083,#1094,#745,.T.);
#1311=EDGE_CURVE('',#1094,#1095,#618,.T.);
#1312=EDGE_CURVE('',#1095,#1082,#746,.T.);
#1313=EDGE_CURVE('',#1095,#1092,#747,.T.);
#1314=EDGE_CURVE('',#1079,#1096,#748,.T.);
#1315=EDGE_CURVE('',#1096,#1096,#619,.T.);
#1316=EDGE_CURVE('',#1096,#1097,#749,.T.);
#1317=EDGE_CURVE('',#1097,#1097,#620,.T.);
#1318=EDGE_CURVE('',#1022,#1098,#750,.T.);
#1319=EDGE_CURVE('',#1098,#1098,#621,.T.);
#1320=EDGE_CURVE('',#1098,#1099,#751,.T.);
#1321=EDGE_CURVE('',#1099,#1099,#622,.T.);
#1322=EDGE_CURVE('',#1078,#1100,#752,.T.);
#1323=EDGE_CURVE('',#1100,#1100,#623,.T.);
#1324=EDGE_CURVE('',#1100,#1101,#753,.T.);
#1325=EDGE_CURVE('',#1101,#1101,#624,.T.);
#1326=EDGE_CURVE('',#1023,#1102,#754,.T.);
#1327=EDGE_CURVE('',#1102,#1102,#625,.T.);
#1328=EDGE_CURVE('',#1102,#1103,#755,.T.);
#1329=EDGE_CURVE('',#1103,#1103,#626,.T.);
#1330=EDGE_CURVE('',#1077,#1104,#756,.T.);
#1331=EDGE_CURVE('',#1104,#1104,#627,.T.);
#1332=EDGE_CURVE('',#1104,#1105,#757,.T.);
#1333=EDGE_CURVE('',#1105,#1105,#628,.T.);
#1334=EDGE_CURVE('',#1024,#1106,#758,.T.);
#1335=EDGE_CURVE('',#1106,#1106,#629,.T.);
#1336=EDGE_CURVE('',#1106,#1107,#759,.T.);
#1337=EDGE_CURVE('',#1107,#1107,#630,.T.);
#1338=EDGE_CURVE('',#1076,#1108,#760,.T.);
#1339=EDGE_CURVE('',#1108,#1108,#631,.T.);
#1340=EDGE_CURVE('',#1108,#1109,#761,.T.);
#1341=EDGE_CURVE('',#1109,#1109,#632,.T.);
#1342=EDGE_CURVE('',#1025,#1110,#762,.T.);
#1343=EDGE_CURVE('',#1110,#1110,#633,.T.);
#1344=EDGE_CURVE('',#1110,#1111,#763,.T.);
#1345=EDGE_CURVE('',#1111,#1111,#634,.T.);
#1346=EDGE_CURVE('',#1075,#1112,#764,.T.);
#1347=EDGE_CURVE('',#1112,#1112,#635,.T.);
#1348=EDGE_CURVE('',#1112,#1113,#765,.T.);
#1349=EDGE_CURVE('',#1113,#1113,#636,.T.);
#1350=EDGE_CURVE('',#1026,#1114,#766,.T.);
#1351=EDGE_CURVE('',#1114,#1114,#637,.T.);
#1352=EDGE_CURVE('',#1114,#1115,#767,.T.);
#1353=EDGE_CURVE('',#1115,#1115,#638,.T.);
#1354=EDGE_CURVE('',#1007,#1116,#768,.T.);
#1355=EDGE_CURVE('',#1116,#1117,#639,.T.);
#1356=EDGE_CURVE('',#1117,#1006,#769,.T.);
#1357=EDGE_CURVE('',#1118,#1117,#770,.T.);
#1358=EDGE_CURVE('',#1008,#1118,#771,.T.);
#1359=EDGE_CURVE('',#1116,#1119,#772,.T.);
#1360=EDGE_CURVE('',#1120,#1119,#640,.T.);
#1361=EDGE_CURVE('',#1120,#1121,#773,.T.);
#1362=EDGE_CURVE('',#1122,#1121,#641,.T.);
#1363=EDGE_CURVE('',#1122,#1123,#774,.T.);
#1364=EDGE_CURVE('',#1118,#1123,#642,.T.);
#1365=EDGE_CURVE('',#1124,#1124,#643,.T.);
#1366=EDGE_CURVE('',#1125,#1125,#644,.T.);
#1367=EDGE_CURVE('',#1126,#1126,#645,.T.);
#1368=EDGE_CURVE('',#1127,#1127,#646,.T.);
#1369=EDGE_CURVE('',#1128,#1128,#647,.T.);
#1370=EDGE_CURVE('',#1129,#1129,#648,.T.);
#1371=EDGE_CURVE('',#1130,#1130,#649,.T.);
#1372=EDGE_CURVE('',#1131,#1131,#650,.T.);
#1373=EDGE_CURVE('',#1132,#1132,#651,.T.);
#1374=EDGE_CURVE('',#1133,#1133,#652,.T.);
#1375=EDGE_CURVE('',#1134,#1134,#653,.T.);
#1376=EDGE_CURVE('',#1135,#1005,#775,.T.);
#1377=EDGE_CURVE('',#1136,#1135,#654,.T.);
#1378=EDGE_CURVE('',#1137,#1136,#776,.T.);
#1379=EDGE_CURVE('',#1002,#1137,#655,.T.);
#1380=EDGE_CURVE('',#1138,#1138,#656,.T.);
#1381=EDGE_CURVE('',#1139,#1139,#657,.T.);
#1382=EDGE_CURVE('',#1140,#1140,#658,.T.);
#1383=EDGE_CURVE('',#1141,#1141,#659,.T.);
#1384=EDGE_CURVE('',#1142,#1142,#660,.T.);
#1385=EDGE_CURVE('',#1143,#1143,#661,.T.);
#1386=EDGE_CURVE('',#1144,#1144,#662,.T.);
#1387=EDGE_CURVE('',#1145,#1145,#663,.T.);
#1388=EDGE_CURVE('',#1146,#1146,#664,.T.);
#1389=EDGE_CURVE('',#1147,#1147,#665,.T.);
#1390=EDGE_CURVE('',#1148,#1148,#666,.T.);
#1391=EDGE_CURVE('',#1149,#1149,#667,.T.);
#1392=EDGE_CURVE('',#1150,#1150,#668,.T.);
#1393=EDGE_CURVE('',#1151,#1151,#669,.T.);
#1394=EDGE_CURVE('',#1152,#1152,#670,.T.);
#1395=EDGE_CURVE('',#1153,#1153,#671,.T.);
#1396=EDGE_CURVE('',#1154,#1154,#672,.T.);
#1397=EDGE_CURVE('',#1155,#1155,#673,.T.);
#1398=EDGE_CURVE('',#1156,#1156,#674,.T.);
#1399=EDGE_CURVE('',#1157,#1157,#675,.T.);
#1400=EDGE_CURVE('',#1158,#1158,#676,.T.);
#1401=EDGE_CURVE('',#1159,#1159,#677,.T.);
#1402=EDGE_CURVE('',#1160,#1161,#777,.T.);
#1403=EDGE_CURVE('',#1162,#1160,#678,.T.);
#1404=EDGE_CURVE('',#1163,#1162,#778,.T.);
#1405=EDGE_CURVE('',#1164,#1163,#679,.T.);
#1406=EDGE_CURVE('',#1165,#1164,#779,.T.);
#1407=EDGE_CURVE('',#1166,#1165,#680,.T.);
#1408=EDGE_CURVE('',#1167,#1166,#780,.T.);
#1409=EDGE_CURVE('',#1161,#1167,#681,.T.);
#1410=EDGE_CURVE('',#1168,#1168,#682,.T.);
#1411=EDGE_CURVE('',#1169,#1169,#683,.T.);
#1412=EDGE_CURVE('',#1170,#1170,#684,.T.);
#1413=EDGE_CURVE('',#1171,#1171,#685,.T.);
#1414=EDGE_CURVE('',#1172,#1172,#686,.T.);
#1415=EDGE_CURVE('',#1173,#1173,#687,.T.);
#1416=EDGE_CURVE('',#1174,#1174,#688,.T.);
#1417=EDGE_CURVE('',#1012,#1120,#781,.T.);
#1418=EDGE_CURVE('',#1119,#1013,#782,.T.);
#1419=EDGE_CURVE('',#1121,#1011,#783,.T.);
#1420=EDGE_CURVE('',#1010,#1122,#784,.T.);
#1421=EDGE_CURVE('',#1123,#1009,#785,.T.);
#1422=EDGE_CURVE('',#1074,#1174,#786,.T.);
#1423=EDGE_CURVE('',#1073,#1173,#787,.T.);
#1424=EDGE_CURVE('',#1072,#1172,#788,.T.);
#1425=EDGE_CURVE('',#1071,#1171,#789,.T.);
#1426=EDGE_CURVE('',#1070,#1170,#790,.T.);
#1427=EDGE_CURVE('',#1069,#1169,#791,.T.);
#1428=EDGE_CURVE('',#1068,#1168,#792,.T.);
#1429=EDGE_CURVE('',#1160,#1060,#793,.T.);
#1430=EDGE_CURVE('',#1162,#1067,#794,.T.);
#1431=EDGE_CURVE('',#1163,#1066,#795,.T.);
#1432=EDGE_CURVE('',#1164,#1065,#796,.T.);
#1433=EDGE_CURVE('',#1165,#1064,#797,.T.);
#1434=EDGE_CURVE('',#1166,#1063,#798,.T.);
#1435=EDGE_CURVE('',#1167,#1062,#799,.T.);
#1436=EDGE_CURVE('',#1161,#1061,#800,.T.);
#1437=EDGE_CURVE('',#1059,#1159,#801,.T.);
#1438=EDGE_CURVE('',#1058,#1158,#802,.T.);
#1439=EDGE_CURVE('',#1057,#1157,#803,.T.);
#1440=EDGE_CURVE('',#1056,#1156,#804,.T.);
#1441=EDGE_CURVE('',#1055,#1155,#805,.T.);
#1442=EDGE_CURVE('',#1054,#1154,#806,.T.);
#1443=EDGE_CURVE('',#1053,#1153,#807,.T.);
#1444=EDGE_CURVE('',#1052,#1152,#808,.T.);
#1445=EDGE_CURVE('',#1051,#1151,#809,.T.);
#1446=EDGE_CURVE('',#1050,#1150,#810,.T.);
#1447=EDGE_CURVE('',#1049,#1149,#811,.T.);
#1448=EDGE_CURVE('',#1048,#1148,#812,.T.);
#1449=EDGE_CURVE('',#1047,#1147,#813,.T.);
#1450=EDGE_CURVE('',#1046,#1146,#814,.T.);
#1451=EDGE_CURVE('',#1045,#1145,#815,.T.);
#1452=EDGE_CURVE('',#1044,#1144,#816,.T.);
#1453=EDGE_CURVE('',#1043,#1143,#817,.T.);
#1454=EDGE_CURVE('',#1042,#1142,#818,.T.);
#1455=EDGE_CURVE('',#1041,#1141,#819,.T.);
#1456=EDGE_CURVE('',#1040,#1140,#820,.T.);
#1457=EDGE_CURVE('',#1039,#1139,#821,.T.);
#1458=EDGE_CURVE('',#1038,#1138,#822,.T.);
#1459=EDGE_CURVE('',#1135,#999,#823,.T.);
#1460=EDGE_CURVE('',#1136,#997,#824,.T.);
#1461=EDGE_CURVE('',#1137,#995,#825,.T.);
#1462=EDGE_CURVE('',#1037,#1134,#826,.T.);
#1463=EDGE_CURVE('',#1036,#1133,#827,.T.);
#1464=EDGE_CURVE('',#1035,#1132,#828,.T.);
#1465=EDGE_CURVE('',#1034,#1131,#829,.T.);
#1466=EDGE_CURVE('',#1033,#1130,#830,.T.);
#1467=EDGE_CURVE('',#1032,#1129,#831,.T.);
#1468=EDGE_CURVE('',#1031,#1128,#832,.T.);
#1469=EDGE_CURVE('',#1030,#1127,#833,.T.);
#1470=EDGE_CURVE('',#1029,#1126,#834,.T.);
#1471=EDGE_CURVE('',#1028,#1125,#835,.T.);
#1472=EDGE_CURVE('',#1027,#1124,#836,.T.);
#1473=ORIENTED_EDGE('',*,*,#1175,.T.);
#1474=ORIENTED_EDGE('',*,*,#1176,.T.);
#1475=ORIENTED_EDGE('',*,*,#1177,.T.);
#1476=ORIENTED_EDGE('',*,*,#1178,.T.);
#1477=ORIENTED_EDGE('',*,*,#1179,.T.);
#1478=ORIENTED_EDGE('',*,*,#1180,.T.);
#1479=ORIENTED_EDGE('',*,*,#1175,.F.);
#1480=ORIENTED_EDGE('',*,*,#1181,.T.);
#1481=ORIENTED_EDGE('',*,*,#1182,.T.);
#1482=ORIENTED_EDGE('',*,*,#1183,.T.);
#1483=ORIENTED_EDGE('',*,*,#1179,.F.);
#1484=ORIENTED_EDGE('',*,*,#1184,.T.);
#1485=ORIENTED_EDGE('',*,*,#1185,.T.);
#1486=ORIENTED_EDGE('',*,*,#1186,.T.);
#1487=ORIENTED_EDGE('',*,*,#1182,.F.);
#1488=ORIENTED_EDGE('',*,*,#1187,.T.);
#1489=ORIENTED_EDGE('',*,*,#1188,.T.);
#1490=ORIENTED_EDGE('',*,*,#1189,.T.);
#1491=ORIENTED_EDGE('',*,*,#1185,.F.);
#1492=ORIENTED_EDGE('',*,*,#1190,.T.);
#1493=ORIENTED_EDGE('',*,*,#1191,.T.);
#1494=ORIENTED_EDGE('',*,*,#1192,.T.);
#1495=ORIENTED_EDGE('',*,*,#1188,.F.);
#1496=ORIENTED_EDGE('',*,*,#1193,.T.);
#1497=ORIENTED_EDGE('',*,*,#1194,.T.);
#1498=ORIENTED_EDGE('',*,*,#1195,.T.);
#1499=ORIENTED_EDGE('',*,*,#1191,.F.);
#1500=ORIENTED_EDGE('',*,*,#1196,.T.);
#1501=ORIENTED_EDGE('',*,*,#1177,.F.);
#1502=ORIENTED_EDGE('',*,*,#1197,.T.);
#1503=ORIENTED_EDGE('',*,*,#1194,.F.);
#1504=ORIENTED_EDGE('',*,*,#1198,.T.);
#1505=ORIENTED_EDGE('',*,*,#1187,.F.);
#1506=ORIENTED_EDGE('',*,*,#1199,.F.);
#1507=ORIENTED_EDGE('',*,*,#1200,.T.);
#1508=ORIENTED_EDGE('',*,*,#1201,.T.);
#1509=ORIENTED_EDGE('',*,*,#1184,.F.);
#1510=ORIENTED_EDGE('',*,*,#1202,.F.);
#1511=ORIENTED_EDGE('',*,*,#1203,.T.);
#1512=ORIENTED_EDGE('',*,*,#1199,.T.);
#1513=ORIENTED_EDGE('',*,*,#1181,.F.);
#1514=ORIENTED_EDGE('',*,*,#1204,.F.);
#1515=ORIENTED_EDGE('',*,*,#1205,.T.);
#1516=ORIENTED_EDGE('',*,*,#1202,.T.);
#1517=ORIENTED_EDGE('',*,*,#1178,.F.);
#1518=ORIENTED_EDGE('',*,*,#1206,.F.);
#1519=ORIENTED_EDGE('',*,*,#1207,.T.);
#1520=ORIENTED_EDGE('',*,*,#1204,.T.);
#1521=ORIENTED_EDGE('',*,*,#1208,.F.);
#1522=ORIENTED_EDGE('',*,*,#1209,.T.);
#1523=ORIENTED_EDGE('',*,*,#1210,.F.);
#1524=ORIENTED_EDGE('',*,*,#1211,.T.);
#1525=ORIENTED_EDGE('',*,*,#1212,.F.);
#1526=ORIENTED_EDGE('',*,*,#1213,.T.);
#1527=ORIENTED_EDGE('',*,*,#1214,.F.);
#1528=ORIENTED_EDGE('',*,*,#1215,.T.);
#1529=ORIENTED_EDGE('',*,*,#1216,.F.);
#1530=ORIENTED_EDGE('',*,*,#1217,.F.);
#1531=ORIENTED_EDGE('',*,*,#1218,.F.);
#1532=ORIENTED_EDGE('',*,*,#1219,.F.);
#1533=ORIENTED_EDGE('',*,*,#1220,.F.);
#1534=ORIENTED_EDGE('',*,*,#1221,.F.);
#1535=ORIENTED_EDGE('',*,*,#1222,.F.);
#1536=ORIENTED_EDGE('',*,*,#1223,.F.);
#1537=ORIENTED_EDGE('',*,*,#1224,.F.);
#1538=ORIENTED_EDGE('',*,*,#1225,.F.);
#1539=ORIENTED_EDGE('',*,*,#1226,.F.);
#1540=ORIENTED_EDGE('',*,*,#1227,.F.);
#1541=ORIENTED_EDGE('',*,*,#1228,.F.);
#1542=ORIENTED_EDGE('',*,*,#1229,.T.);
#1543=ORIENTED_EDGE('',*,*,#1230,.T.);
#1544=ORIENTED_EDGE('',*,*,#1231,.T.);
#1545=ORIENTED_EDGE('',*,*,#1232,.T.);
#1546=ORIENTED_EDGE('',*,*,#1233,.T.);
#1547=ORIENTED_EDGE('',*,*,#1234,.T.);
#1548=ORIENTED_EDGE('',*,*,#1235,.T.);
#1549=ORIENTED_EDGE('',*,*,#1236,.T.);
#1550=ORIENTED_EDGE('',*,*,#1237,.T.);
#1551=ORIENTED_EDGE('',*,*,#1238,.T.);
#1552=ORIENTED_EDGE('',*,*,#1239,.T.);
#1553=ORIENTED_EDGE('',*,*,#1240,.T.);
#1554=ORIENTED_EDGE('',*,*,#1241,.T.);
#1555=ORIENTED_EDGE('',*,*,#1242,.T.);
#1556=ORIENTED_EDGE('',*,*,#1243,.T.);
#1557=ORIENTED_EDGE('',*,*,#1244,.T.);
#1558=ORIENTED_EDGE('',*,*,#1245,.T.);
#1559=ORIENTED_EDGE('',*,*,#1246,.T.);
#1560=ORIENTED_EDGE('',*,*,#1247,.T.);
#1561=ORIENTED_EDGE('',*,*,#1248,.T.);
#1562=ORIENTED_EDGE('',*,*,#1249,.T.);
#1563=ORIENTED_EDGE('',*,*,#1250,.T.);
#1564=ORIENTED_EDGE('',*,*,#1251,.T.);
#1565=ORIENTED_EDGE('',*,*,#1252,.T.);
#1566=ORIENTED_EDGE('',*,*,#1253,.T.);
#1567=ORIENTED_EDGE('',*,*,#1254,.T.);
#1568=ORIENTED_EDGE('',*,*,#1255,.T.);
#1569=ORIENTED_EDGE('',*,*,#1256,.T.);
#1570=ORIENTED_EDGE('',*,*,#1257,.T.);
#1571=ORIENTED_EDGE('',*,*,#1258,.T.);
#1572=ORIENTED_EDGE('',*,*,#1259,.T.);
#1573=ORIENTED_EDGE('',*,*,#1260,.T.);
#1574=ORIENTED_EDGE('',*,*,#1261,.T.);
#1575=ORIENTED_EDGE('',*,*,#1262,.T.);
#1576=ORIENTED_EDGE('',*,*,#1263,.T.);
#1577=ORIENTED_EDGE('',*,*,#1264,.T.);
#1578=ORIENTED_EDGE('',*,*,#1265,.T.);
#1579=ORIENTED_EDGE('',*,*,#1266,.T.);
#1580=ORIENTED_EDGE('',*,*,#1267,.T.);
#1581=ORIENTED_EDGE('',*,*,#1268,.T.);
#1582=ORIENTED_EDGE('',*,*,#1269,.T.);
#1583=ORIENTED_EDGE('',*,*,#1270,.T.);
#1584=ORIENTED_EDGE('',*,*,#1271,.T.);
#1585=ORIENTED_EDGE('',*,*,#1272,.T.);
#1586=ORIENTED_EDGE('',*,*,#1273,.T.);
#1587=ORIENTED_EDGE('',*,*,#1274,.T.);
#1588=ORIENTED_EDGE('',*,*,#1275,.T.);
#1589=ORIENTED_EDGE('',*,*,#1276,.T.);
#1590=ORIENTED_EDGE('',*,*,#1277,.F.);
#1591=ORIENTED_EDGE('',*,*,#1278,.F.);
#1592=ORIENTED_EDGE('',*,*,#1279,.F.);
#1593=ORIENTED_EDGE('',*,*,#1280,.F.);
#1594=ORIENTED_EDGE('',*,*,#1281,.F.);
#1595=ORIENTED_EDGE('',*,*,#1176,.F.);
#1596=ORIENTED_EDGE('',*,*,#1180,.F.);
#1597=ORIENTED_EDGE('',*,*,#1183,.F.);
#1598=ORIENTED_EDGE('',*,*,#1186,.F.);
#1599=ORIENTED_EDGE('',*,*,#1189,.F.);
#1600=ORIENTED_EDGE('',*,*,#1192,.F.);
#1601=ORIENTED_EDGE('',*,*,#1195,.F.);
#1602=ORIENTED_EDGE('',*,*,#1197,.F.);
#1603=ORIENTED_EDGE('',*,*,#1282,.T.);
#1604=ORIENTED_EDGE('',*,*,#1283,.T.);
#1605=ORIENTED_EDGE('',*,*,#1284,.T.);
#1606=ORIENTED_EDGE('',*,*,#1216,.T.);
#1607=ORIENTED_EDGE('',*,*,#1282,.F.);
#1608=ORIENTED_EDGE('',*,*,#1223,.T.);
#1609=ORIENTED_EDGE('',*,*,#1285,.T.);
#1610=ORIENTED_EDGE('',*,*,#1286,.T.);
#1611=ORIENTED_EDGE('',*,*,#1287,.T.);
#1612=ORIENTED_EDGE('',*,*,#1288,.T.);
#1613=ORIENTED_EDGE('',*,*,#1285,.F.);
#1614=ORIENTED_EDGE('',*,*,#1222,.T.);
#1615=ORIENTED_EDGE('',*,*,#1287,.F.);
#1616=ORIENTED_EDGE('',*,*,#1221,.T.);
#1617=ORIENTED_EDGE('',*,*,#1289,.T.);
#1618=ORIENTED_EDGE('',*,*,#1290,.T.);
#1619=ORIENTED_EDGE('',*,*,#1291,.T.);
#1620=ORIENTED_EDGE('',*,*,#1292,.T.);
#1621=ORIENTED_EDGE('',*,*,#1289,.F.);
#1622=ORIENTED_EDGE('',*,*,#1220,.T.);
#1623=ORIENTED_EDGE('',*,*,#1291,.F.);
#1624=ORIENTED_EDGE('',*,*,#1219,.T.);
#1625=ORIENTED_EDGE('',*,*,#1293,.T.);
#1626=ORIENTED_EDGE('',*,*,#1294,.T.);
#1627=ORIENTED_EDGE('',*,*,#1295,.T.);
#1628=ORIENTED_EDGE('',*,*,#1296,.T.);
#1629=ORIENTED_EDGE('',*,*,#1293,.F.);
#1630=ORIENTED_EDGE('',*,*,#1218,.T.);
#1631=ORIENTED_EDGE('',*,*,#1295,.F.);
#1632=ORIENTED_EDGE('',*,*,#1217,.T.);
#1633=ORIENTED_EDGE('',*,*,#1284,.F.);
#1634=ORIENTED_EDGE('',*,*,#1297,.T.);
#1635=ORIENTED_EDGE('',*,*,#1294,.F.);
#1636=ORIENTED_EDGE('',*,*,#1298,.F.);
#1637=ORIENTED_EDGE('',*,*,#1299,.T.);
#1638=ORIENTED_EDGE('',*,*,#1300,.F.);
#1639=ORIENTED_EDGE('',*,*,#1296,.F.);
#1640=ORIENTED_EDGE('',*,*,#1301,.T.);
#1641=ORIENTED_EDGE('',*,*,#1302,.T.);
#1642=ORIENTED_EDGE('',*,*,#1298,.T.);
#1643=ORIENTED_EDGE('',*,*,#1297,.F.);
#1644=ORIENTED_EDGE('',*,*,#1303,.F.);
#1645=ORIENTED_EDGE('',*,*,#1304,.T.);
#1646=ORIENTED_EDGE('',*,*,#1301,.F.);
#1647=ORIENTED_EDGE('',*,*,#1283,.F.);
#1648=ORIENTED_EDGE('',*,*,#1305,.T.);
#1649=ORIENTED_EDGE('',*,*,#1306,.T.);
#1650=ORIENTED_EDGE('',*,*,#1303,.T.);
#1651=ORIENTED_EDGE('',*,*,#1292,.F.);
#1652=ORIENTED_EDGE('',*,*,#1300,.T.);
#1653=ORIENTED_EDGE('',*,*,#1307,.T.);
#1654=ORIENTED_EDGE('',*,*,#1308,.T.);
#1655=ORIENTED_EDGE('',*,*,#1290,.F.);
#1656=ORIENTED_EDGE('',*,*,#1308,.F.);
#1657=ORIENTED_EDGE('',*,*,#1309,.T.);
#1658=ORIENTED_EDGE('',*,*,#1310,.F.);
#1659=ORIENTED_EDGE('',*,*,#1288,.F.);
#1660=ORIENTED_EDGE('',*,*,#1310,.T.);
#1661=ORIENTED_EDGE('',*,*,#1311,.T.);
#1662=ORIENTED_EDGE('',*,*,#1312,.T.);
#1663=ORIENTED_EDGE('',*,*,#1286,.F.);
#1664=ORIENTED_EDGE('',*,*,#1312,.F.);
#1665=ORIENTED_EDGE('',*,*,#1313,.T.);
#1666=ORIENTED_EDGE('',*,*,#1305,.F.);
#1667=ORIENTED_EDGE('',*,*,#1281,.T.);
#1668=ORIENTED_EDGE('',*,*,#1314,.T.);
#1669=ORIENTED_EDGE('',*,*,#1315,.T.);
#1670=ORIENTED_EDGE('',*,*,#1314,.F.);
#1671=ORIENTED_EDGE('',*,*,#1315,.F.);
#1672=ORIENTED_EDGE('',*,*,#1316,.T.);
#1673=ORIENTED_EDGE('',*,*,#1317,.T.);
#1674=ORIENTED_EDGE('',*,*,#1316,.F.);
#1675=ORIENTED_EDGE('',*,*,#1224,.T.);
#1676=ORIENTED_EDGE('',*,*,#1318,.T.);
#1677=ORIENTED_EDGE('',*,*,#1319,.T.);
#1678=ORIENTED_EDGE('',*,*,#1318,.F.);
#1679=ORIENTED_EDGE('',*,*,#1319,.F.);
#1680=ORIENTED_EDGE('',*,*,#1320,.T.);
#1681=ORIENTED_EDGE('',*,*,#1321,.T.);
#1682=ORIENTED_EDGE('',*,*,#1320,.F.);
#1683=ORIENTED_EDGE('',*,*,#1280,.T.);
#1684=ORIENTED_EDGE('',*,*,#1322,.T.);
#1685=ORIENTED_EDGE('',*,*,#1323,.T.);
#1686=ORIENTED_EDGE('',*,*,#1322,.F.);
#1687=ORIENTED_EDGE('',*,*,#1323,.F.);
#1688=ORIENTED_EDGE('',*,*,#1324,.T.);
#1689=ORIENTED_EDGE('',*,*,#1325,.T.);
#1690=ORIENTED_EDGE('',*,*,#1324,.F.);
#1691=ORIENTED_EDGE('',*,*,#1225,.T.);
#1692=ORIENTED_EDGE('',*,*,#1326,.T.);
#1693=ORIENTED_EDGE('',*,*,#1327,.T.);
#1694=ORIENTED_EDGE('',*,*,#1326,.F.);
#1695=ORIENTED_EDGE('',*,*,#1327,.F.);
#1696=ORIENTED_EDGE('',*,*,#1328,.T.);
#1697=ORIENTED_EDGE('',*,*,#1329,.T.);
#1698=ORIENTED_EDGE('',*,*,#1328,.F.);
#1699=ORIENTED_EDGE('',*,*,#1279,.T.);
#1700=ORIENTED_EDGE('',*,*,#1330,.T.);
#1701=ORIENTED_EDGE('',*,*,#1331,.T.);
#1702=ORIENTED_EDGE('',*,*,#1330,.F.);
#1703=ORIENTED_EDGE('',*,*,#1331,.F.);
#1704=ORIENTED_EDGE('',*,*,#1332,.T.);
#1705=ORIENTED_EDGE('',*,*,#1333,.T.);
#1706=ORIENTED_EDGE('',*,*,#1332,.F.);
#1707=ORIENTED_EDGE('',*,*,#1226,.T.);
#1708=ORIENTED_EDGE('',*,*,#1334,.T.);
#1709=ORIENTED_EDGE('',*,*,#1335,.T.);
#1710=ORIENTED_EDGE('',*,*,#1334,.F.);
#1711=ORIENTED_EDGE('',*,*,#1335,.F.);
#1712=ORIENTED_EDGE('',*,*,#1336,.T.);
#1713=ORIENTED_EDGE('',*,*,#1337,.T.);
#1714=ORIENTED_EDGE('',*,*,#1336,.F.);
#1715=ORIENTED_EDGE('',*,*,#1278,.T.);
#1716=ORIENTED_EDGE('',*,*,#1338,.T.);
#1717=ORIENTED_EDGE('',*,*,#1339,.T.);
#1718=ORIENTED_EDGE('',*,*,#1338,.F.);
#1719=ORIENTED_EDGE('',*,*,#1339,.F.);
#1720=ORIENTED_EDGE('',*,*,#1340,.T.);
#1721=ORIENTED_EDGE('',*,*,#1341,.T.);
#1722=ORIENTED_EDGE('',*,*,#1340,.F.);
#1723=ORIENTED_EDGE('',*,*,#1227,.T.);
#1724=ORIENTED_EDGE('',*,*,#1342,.T.);
#1725=ORIENTED_EDGE('',*,*,#1343,.T.);
#1726=ORIENTED_EDGE('',*,*,#1342,.F.);
#1727=ORIENTED_EDGE('',*,*,#1343,.F.);
#1728=ORIENTED_EDGE('',*,*,#1344,.T.);
#1729=ORIENTED_EDGE('',*,*,#1345,.T.);
#1730=ORIENTED_EDGE('',*,*,#1344,.F.);
#1731=ORIENTED_EDGE('',*,*,#1277,.T.);
#1732=ORIENTED_EDGE('',*,*,#1346,.T.);
#1733=ORIENTED_EDGE('',*,*,#1347,.T.);
#1734=ORIENTED_EDGE('',*,*,#1346,.F.);
#1735=ORIENTED_EDGE('',*,*,#1347,.F.);
#1736=ORIENTED_EDGE('',*,*,#1348,.T.);
#1737=ORIENTED_EDGE('',*,*,#1349,.T.);
#1738=ORIENTED_EDGE('',*,*,#1348,.F.);
#1739=ORIENTED_EDGE('',*,*,#1228,.T.);
#1740=ORIENTED_EDGE('',*,*,#1350,.T.);
#1741=ORIENTED_EDGE('',*,*,#1351,.T.);
#1742=ORIENTED_EDGE('',*,*,#1350,.F.);
#1743=ORIENTED_EDGE('',*,*,#1351,.F.);
#1744=ORIENTED_EDGE('',*,*,#1352,.T.);
#1745=ORIENTED_EDGE('',*,*,#1353,.T.);
#1746=ORIENTED_EDGE('',*,*,#1352,.F.);
#1747=ORIENTED_EDGE('',*,*,#1208,.T.);
#1748=ORIENTED_EDGE('',*,*,#1354,.T.);
#1749=ORIENTED_EDGE('',*,*,#1355,.T.);
#1750=ORIENTED_EDGE('',*,*,#1356,.T.);
#1751=ORIENTED_EDGE('',*,*,#1356,.F.);
#1752=ORIENTED_EDGE('',*,*,#1357,.F.);
#1753=ORIENTED_EDGE('',*,*,#1358,.F.);
#1754=ORIENTED_EDGE('',*,*,#1209,.F.);
#1755=ORIENTED_EDGE('',*,*,#1355,.F.);
#1756=ORIENTED_EDGE('',*,*,#1359,.T.);
#1757=ORIENTED_EDGE('',*,*,#1360,.F.);
#1758=ORIENTED_EDGE('',*,*,#1361,.T.);
#1759=ORIENTED_EDGE('',*,*,#1362,.F.);
#1760=ORIENTED_EDGE('',*,*,#1363,.T.);
#1761=ORIENTED_EDGE('',*,*,#1364,.F.);
#1762=ORIENTED_EDGE('',*,*,#1357,.T.);
#1763=ORIENTED_EDGE('',*,*,#1365,.F.);
#1764=ORIENTED_EDGE('',*,*,#1366,.F.);
#1765=ORIENTED_EDGE('',*,*,#1333,.F.);
#1766=ORIENTED_EDGE('',*,*,#1367,.F.);
#1767=ORIENTED_EDGE('',*,*,#1368,.F.);
#1768=ORIENTED_EDGE('',*,*,#1369,.F.);
#1769=ORIENTED_EDGE('',*,*,#1370,.F.);
#1770=ORIENTED_EDGE('',*,*,#1311,.F.);
#1771=ORIENTED_EDGE('',*,*,#1309,.F.);
#1772=ORIENTED_EDGE('',*,*,#1307,.F.);
#1773=ORIENTED_EDGE('',*,*,#1299,.F.);
#1774=ORIENTED_EDGE('',*,*,#1302,.F.);
#1775=ORIENTED_EDGE('',*,*,#1304,.F.);
#1776=ORIENTED_EDGE('',*,*,#1306,.F.);
#1777=ORIENTED_EDGE('',*,*,#1313,.F.);
#1778=ORIENTED_EDGE('',*,*,#1341,.F.);
#1779=ORIENTED_EDGE('',*,*,#1371,.F.);
#1780=ORIENTED_EDGE('',*,*,#1372,.F.);
#1781=ORIENTED_EDGE('',*,*,#1373,.F.);
#1782=ORIENTED_EDGE('',*,*,#1329,.F.);
#1783=ORIENTED_EDGE('',*,*,#1374,.F.);
#1784=ORIENTED_EDGE('',*,*,#1375,.F.);
#1785=ORIENTED_EDGE('',*,*,#1203,.F.);
#1786=ORIENTED_EDGE('',*,*,#1205,.F.);
#1787=ORIENTED_EDGE('',*,*,#1207,.F.);
#1788=ORIENTED_EDGE('',*,*,#1376,.F.);
#1789=ORIENTED_EDGE('',*,*,#1377,.F.);
#1790=ORIENTED_EDGE('',*,*,#1378,.F.);
#1791=ORIENTED_EDGE('',*,*,#1379,.F.);
#1792=ORIENTED_EDGE('',*,*,#1200,.F.);
#1793=ORIENTED_EDGE('',*,*,#1380,.F.);
#1794=ORIENTED_EDGE('',*,*,#1381,.F.);
#1795=ORIENTED_EDGE('',*,*,#1382,.F.);
#1796=ORIENTED_EDGE('',*,*,#1337,.F.);
#1797=ORIENTED_EDGE('',*,*,#1383,.F.);
#1798=ORIENTED_EDGE('',*,*,#1349,.F.);
#1799=ORIENTED_EDGE('',*,*,#1384,.F.);
#1800=ORIENTED_EDGE('',*,*,#1385,.F.);
#1801=ORIENTED_EDGE('',*,*,#1386,.F.);
#1802=ORIENTED_EDGE('',*,*,#1387,.F.);
#1803=ORIENTED_EDGE('',*,*,#1388,.F.);
#1804=ORIENTED_EDGE('',*,*,#1389,.F.);
#1805=ORIENTED_EDGE('',*,*,#1390,.F.);
#1806=ORIENTED_EDGE('',*,*,#1391,.F.);
#1807=ORIENTED_EDGE('',*,*,#1392,.F.);
#1808=ORIENTED_EDGE('',*,*,#1393,.F.);
#1809=ORIENTED_EDGE('',*,*,#1394,.F.);
#1810=ORIENTED_EDGE('',*,*,#1395,.F.);
#1811=ORIENTED_EDGE('',*,*,#1396,.F.);
#1812=ORIENTED_EDGE('',*,*,#1353,.F.);
#1813=ORIENTED_EDGE('',*,*,#1397,.F.);
#1814=ORIENTED_EDGE('',*,*,#1398,.F.);
#1815=ORIENTED_EDGE('',*,*,#1399,.F.);
#1816=ORIENTED_EDGE('',*,*,#1400,.F.);
#1817=ORIENTED_EDGE('',*,*,#1401,.F.);
#1818=ORIENTED_EDGE('',*,*,#1321,.F.);
#1819=ORIENTED_EDGE('',*,*,#1345,.F.);
#1820=ORIENTED_EDGE('',*,*,#1317,.F.);
#1821=ORIENTED_EDGE('',*,*,#1325,.F.);
#1822=ORIENTED_EDGE('',*,*,#1402,.F.);
#1823=ORIENTED_EDGE('',*,*,#1403,.F.);
#1824=ORIENTED_EDGE('',*,*,#1404,.F.);
#1825=ORIENTED_EDGE('',*,*,#1405,.F.);
#1826=ORIENTED_EDGE('',*,*,#1406,.F.);
#1827=ORIENTED_EDGE('',*,*,#1407,.F.);
#1828=ORIENTED_EDGE('',*,*,#1408,.F.);
#1829=ORIENTED_EDGE('',*,*,#1409,.F.);
#1830=ORIENTED_EDGE('',*,*,#1410,.F.);
#1831=ORIENTED_EDGE('',*,*,#1411,.F.);
#1832=ORIENTED_EDGE('',*,*,#1412,.F.);
#1833=ORIENTED_EDGE('',*,*,#1413,.F.);
#1834=ORIENTED_EDGE('',*,*,#1414,.F.);
#1835=ORIENTED_EDGE('',*,*,#1415,.F.);
#1836=ORIENTED_EDGE('',*,*,#1416,.F.);
#1837=ORIENTED_EDGE('',*,*,#1214,.T.);
#1838=ORIENTED_EDGE('',*,*,#1417,.T.);
#1839=ORIENTED_EDGE('',*,*,#1360,.T.);
#1840=ORIENTED_EDGE('',*,*,#1418,.T.);
#1841=ORIENTED_EDGE('',*,*,#1417,.F.);
#1842=ORIENTED_EDGE('',*,*,#1213,.F.);
#1843=ORIENTED_EDGE('',*,*,#1419,.F.);
#1844=ORIENTED_EDGE('',*,*,#1361,.F.);
#1845=ORIENTED_EDGE('',*,*,#1212,.T.);
#1846=ORIENTED_EDGE('',*,*,#1420,.T.);
#1847=ORIENTED_EDGE('',*,*,#1362,.T.);
#1848=ORIENTED_EDGE('',*,*,#1419,.T.);
#1849=ORIENTED_EDGE('',*,*,#1210,.T.);
#1850=ORIENTED_EDGE('',*,*,#1358,.T.);
#1851=ORIENTED_EDGE('',*,*,#1364,.T.);
#1852=ORIENTED_EDGE('',*,*,#1421,.T.);
#1853=ORIENTED_EDGE('',*,*,#1276,.F.);
#1854=ORIENTED_EDGE('',*,*,#1422,.T.);
#1855=ORIENTED_EDGE('',*,*,#1416,.T.);
#1856=ORIENTED_EDGE('',*,*,#1422,.F.);
#1857=ORIENTED_EDGE('',*,*,#1275,.F.);
#1858=ORIENTED_EDGE('',*,*,#1423,.T.);
#1859=ORIENTED_EDGE('',*,*,#1415,.T.);
#1860=ORIENTED_EDGE('',*,*,#1423,.F.);
#1861=ORIENTED_EDGE('',*,*,#1274,.F.);
#1862=ORIENTED_EDGE('',*,*,#1424,.T.);
#1863=ORIENTED_EDGE('',*,*,#1414,.T.);
#1864=ORIENTED_EDGE('',*,*,#1424,.F.);
#1865=ORIENTED_EDGE('',*,*,#1273,.F.);
#1866=ORIENTED_EDGE('',*,*,#1425,.T.);
#1867=ORIENTED_EDGE('',*,*,#1413,.T.);
#1868=ORIENTED_EDGE('',*,*,#1425,.F.);
#1869=ORIENTED_EDGE('',*,*,#1272,.F.);
#1870=ORIENTED_EDGE('',*,*,#1426,.T.);
#1871=ORIENTED_EDGE('',*,*,#1412,.T.);
#1872=ORIENTED_EDGE('',*,*,#1426,.F.);
#1873=ORIENTED_EDGE('',*,*,#1271,.F.);
#1874=ORIENTED_EDGE('',*,*,#1427,.T.);
#1875=ORIENTED_EDGE('',*,*,#1411,.T.);
#1876=ORIENTED_EDGE('',*,*,#1427,.F.);
#1877=ORIENTED_EDGE('',*,*,#1270,.F.);
#1878=ORIENTED_EDGE('',*,*,#1428,.T.);
#1879=ORIENTED_EDGE('',*,*,#1410,.T.);
#1880=ORIENTED_EDGE('',*,*,#1428,.F.);
#1881=ORIENTED_EDGE('',*,*,#1403,.T.);
#1882=ORIENTED_EDGE('',*,*,#1429,.T.);
#1883=ORIENTED_EDGE('',*,*,#1269,.F.);
#1884=ORIENTED_EDGE('',*,*,#1430,.F.);
#1885=ORIENTED_EDGE('',*,*,#1404,.T.);
#1886=ORIENTED_EDGE('',*,*,#1430,.T.);
#1887=ORIENTED_EDGE('',*,*,#1268,.F.);
#1888=ORIENTED_EDGE('',*,*,#1431,.F.);
#1889=ORIENTED_EDGE('',*,*,#1405,.T.);
#1890=ORIENTED_EDGE('',*,*,#1431,.T.);
#1891=ORIENTED_EDGE('',*,*,#1267,.F.);
#1892=ORIENTED_EDGE('',*,*,#1432,.F.);
#1893=ORIENTED_EDGE('',*,*,#1406,.T.);
#1894=ORIENTED_EDGE('',*,*,#1432,.T.);
#1895=ORIENTED_EDGE('',*,*,#1266,.F.);
#1896=ORIENTED_EDGE('',*,*,#1433,.F.);
#1897=ORIENTED_EDGE('',*,*,#1407,.T.);
#1898=ORIENTED_EDGE('',*,*,#1433,.T.);
#1899=ORIENTED_EDGE('',*,*,#1265,.F.);
#1900=ORIENTED_EDGE('',*,*,#1434,.F.);
#1901=ORIENTED_EDGE('',*,*,#1408,.T.);
#1902=ORIENTED_EDGE('',*,*,#1434,.T.);
#1903=ORIENTED_EDGE('',*,*,#1264,.F.);
#1904=ORIENTED_EDGE('',*,*,#1435,.F.);
#1905=ORIENTED_EDGE('',*,*,#1409,.T.);
#1906=ORIENTED_EDGE('',*,*,#1435,.T.);
#1907=ORIENTED_EDGE('',*,*,#1263,.F.);
#1908=ORIENTED_EDGE('',*,*,#1436,.F.);
#1909=ORIENTED_EDGE('',*,*,#1402,.T.);
#1910=ORIENTED_EDGE('',*,*,#1436,.T.);
#1911=ORIENTED_EDGE('',*,*,#1262,.F.);
#1912=ORIENTED_EDGE('',*,*,#1429,.F.);
#1913=ORIENTED_EDGE('',*,*,#1261,.F.);
#1914=ORIENTED_EDGE('',*,*,#1437,.T.);
#1915=ORIENTED_EDGE('',*,*,#1401,.T.);
#1916=ORIENTED_EDGE('',*,*,#1437,.F.);
#1917=ORIENTED_EDGE('',*,*,#1260,.F.);
#1918=ORIENTED_EDGE('',*,*,#1438,.T.);
#1919=ORIENTED_EDGE('',*,*,#1400,.T.);
#1920=ORIENTED_EDGE('',*,*,#1438,.F.);
#1921=ORIENTED_EDGE('',*,*,#1259,.F.);
#1922=ORIENTED_EDGE('',*,*,#1439,.T.);
#1923=ORIENTED_EDGE('',*,*,#1399,.T.);
#1924=ORIENTED_EDGE('',*,*,#1439,.F.);
#1925=ORIENTED_EDGE('',*,*,#1258,.F.);
#1926=ORIENTED_EDGE('',*,*,#1440,.T.);
#1927=ORIENTED_EDGE('',*,*,#1398,.T.);
#1928=ORIENTED_EDGE('',*,*,#1440,.F.);
#1929=ORIENTED_EDGE('',*,*,#1257,.F.);
#1930=ORIENTED_EDGE('',*,*,#1441,.T.);
#1931=ORIENTED_EDGE('',*,*,#1397,.T.);
#1932=ORIENTED_EDGE('',*,*,#1441,.F.);
#1933=ORIENTED_EDGE('',*,*,#1256,.F.);
#1934=ORIENTED_EDGE('',*,*,#1442,.T.);
#1935=ORIENTED_EDGE('',*,*,#1396,.T.);
#1936=ORIENTED_EDGE('',*,*,#1442,.F.);
#1937=ORIENTED_EDGE('',*,*,#1255,.F.);
#1938=ORIENTED_EDGE('',*,*,#1443,.T.);
#1939=ORIENTED_EDGE('',*,*,#1395,.T.);
#1940=ORIENTED_EDGE('',*,*,#1443,.F.);
#1941=ORIENTED_EDGE('',*,*,#1254,.F.);
#1942=ORIENTED_EDGE('',*,*,#1444,.T.);
#1943=ORIENTED_EDGE('',*,*,#1394,.T.);
#1944=ORIENTED_EDGE('',*,*,#1444,.F.);
#1945=ORIENTED_EDGE('',*,*,#1253,.F.);
#1946=ORIENTED_EDGE('',*,*,#1445,.T.);
#1947=ORIENTED_EDGE('',*,*,#1393,.T.);
#1948=ORIENTED_EDGE('',*,*,#1445,.F.);
#1949=ORIENTED_EDGE('',*,*,#1252,.F.);
#1950=ORIENTED_EDGE('',*,*,#1446,.T.);
#1951=ORIENTED_EDGE('',*,*,#1392,.T.);
#1952=ORIENTED_EDGE('',*,*,#1446,.F.);
#1953=ORIENTED_EDGE('',*,*,#1251,.F.);
#1954=ORIENTED_EDGE('',*,*,#1447,.T.);
#1955=ORIENTED_EDGE('',*,*,#1391,.T.);
#1956=ORIENTED_EDGE('',*,*,#1447,.F.);
#1957=ORIENTED_EDGE('',*,*,#1250,.F.);
#1958=ORIENTED_EDGE('',*,*,#1448,.T.);
#1959=ORIENTED_EDGE('',*,*,#1390,.T.);
#1960=ORIENTED_EDGE('',*,*,#1448,.F.);
#1961=ORIENTED_EDGE('',*,*,#1249,.F.);
#1962=ORIENTED_EDGE('',*,*,#1449,.T.);
#1963=ORIENTED_EDGE('',*,*,#1389,.T.);
#1964=ORIENTED_EDGE('',*,*,#1449,.F.);
#1965=ORIENTED_EDGE('',*,*,#1248,.F.);
#1966=ORIENTED_EDGE('',*,*,#1450,.T.);
#1967=ORIENTED_EDGE('',*,*,#1388,.T.);
#1968=ORIENTED_EDGE('',*,*,#1450,.F.);
#1969=ORIENTED_EDGE('',*,*,#1247,.F.);
#1970=ORIENTED_EDGE('',*,*,#1451,.T.);
#1971=ORIENTED_EDGE('',*,*,#1387,.T.);
#1972=ORIENTED_EDGE('',*,*,#1451,.F.);
#1973=ORIENTED_EDGE('',*,*,#1246,.F.);
#1974=ORIENTED_EDGE('',*,*,#1452,.T.);
#1975=ORIENTED_EDGE('',*,*,#1386,.T.);
#1976=ORIENTED_EDGE('',*,*,#1452,.F.);
#1977=ORIENTED_EDGE('',*,*,#1245,.F.);
#1978=ORIENTED_EDGE('',*,*,#1453,.T.);
#1979=ORIENTED_EDGE('',*,*,#1385,.T.);
#1980=ORIENTED_EDGE('',*,*,#1453,.F.);
#1981=ORIENTED_EDGE('',*,*,#1244,.F.);
#1982=ORIENTED_EDGE('',*,*,#1454,.T.);
#1983=ORIENTED_EDGE('',*,*,#1384,.T.);
#1984=ORIENTED_EDGE('',*,*,#1454,.F.);
#1985=ORIENTED_EDGE('',*,*,#1243,.F.);
#1986=ORIENTED_EDGE('',*,*,#1455,.T.);
#1987=ORIENTED_EDGE('',*,*,#1383,.T.);
#1988=ORIENTED_EDGE('',*,*,#1455,.F.);
#1989=ORIENTED_EDGE('',*,*,#1242,.F.);
#1990=ORIENTED_EDGE('',*,*,#1456,.T.);
#1991=ORIENTED_EDGE('',*,*,#1382,.T.);
#1992=ORIENTED_EDGE('',*,*,#1456,.F.);
#1993=ORIENTED_EDGE('',*,*,#1241,.F.);
#1994=ORIENTED_EDGE('',*,*,#1457,.T.);
#1995=ORIENTED_EDGE('',*,*,#1381,.T.);
#1996=ORIENTED_EDGE('',*,*,#1457,.F.);
#1997=ORIENTED_EDGE('',*,*,#1240,.F.);
#1998=ORIENTED_EDGE('',*,*,#1458,.T.);
#1999=ORIENTED_EDGE('',*,*,#1380,.T.);
#2000=ORIENTED_EDGE('',*,*,#1458,.F.);
#2001=ORIENTED_EDGE('',*,*,#1198,.F.);
#2002=ORIENTED_EDGE('',*,*,#1459,.F.);
#2003=ORIENTED_EDGE('',*,*,#1376,.T.);
#2004=ORIENTED_EDGE('',*,*,#1206,.T.);
#2005=ORIENTED_EDGE('',*,*,#1196,.F.);
#2006=ORIENTED_EDGE('',*,*,#1460,.F.);
#2007=ORIENTED_EDGE('',*,*,#1377,.T.);
#2008=ORIENTED_EDGE('',*,*,#1459,.T.);
#2009=ORIENTED_EDGE('',*,*,#1193,.F.);
#2010=ORIENTED_EDGE('',*,*,#1461,.F.);
#2011=ORIENTED_EDGE('',*,*,#1378,.T.);
#2012=ORIENTED_EDGE('',*,*,#1460,.T.);
#2013=ORIENTED_EDGE('',*,*,#1190,.F.);
#2014=ORIENTED_EDGE('',*,*,#1201,.F.);
#2015=ORIENTED_EDGE('',*,*,#1379,.T.);
#2016=ORIENTED_EDGE('',*,*,#1461,.T.);
#2017=ORIENTED_EDGE('',*,*,#1239,.F.);
#2018=ORIENTED_EDGE('',*,*,#1462,.T.);
#2019=ORIENTED_EDGE('',*,*,#1375,.T.);
#2020=ORIENTED_EDGE('',*,*,#1462,.F.);
#2021=ORIENTED_EDGE('',*,*,#1238,.F.);
#2022=ORIENTED_EDGE('',*,*,#1463,.T.);
#2023=ORIENTED_EDGE('',*,*,#1374,.T.);
#2024=ORIENTED_EDGE('',*,*,#1463,.F.);
#2025=ORIENTED_EDGE('',*,*,#1237,.F.);
#2026=ORIENTED_EDGE('',*,*,#1464,.T.);
#2027=ORIENTED_EDGE('',*,*,#1373,.T.);
#2028=ORIENTED_EDGE('',*,*,#1464,.F.);
#2029=ORIENTED_EDGE('',*,*,#1236,.F.);
#2030=ORIENTED_EDGE('',*,*,#1465,.T.);
#2031=ORIENTED_EDGE('',*,*,#1372,.T.);
#2032=ORIENTED_EDGE('',*,*,#1465,.F.);
#2033=ORIENTED_EDGE('',*,*,#1235,.F.);
#2034=ORIENTED_EDGE('',*,*,#1466,.T.);
#2035=ORIENTED_EDGE('',*,*,#1371,.T.);
#2036=ORIENTED_EDGE('',*,*,#1466,.F.);
#2037=ORIENTED_EDGE('',*,*,#1234,.F.);
#2038=ORIENTED_EDGE('',*,*,#1467,.T.);
#2039=ORIENTED_EDGE('',*,*,#1370,.T.);
#2040=ORIENTED_EDGE('',*,*,#1467,.F.);
#2041=ORIENTED_EDGE('',*,*,#1233,.F.);
#2042=ORIENTED_EDGE('',*,*,#1468,.T.);
#2043=ORIENTED_EDGE('',*,*,#1369,.T.);
#2044=ORIENTED_EDGE('',*,*,#1468,.F.);
#2045=ORIENTED_EDGE('',*,*,#1232,.F.);
#2046=ORIENTED_EDGE('',*,*,#1469,.T.);
#2047=ORIENTED_EDGE('',*,*,#1368,.T.);
#2048=ORIENTED_EDGE('',*,*,#1469,.F.);
#2049=ORIENTED_EDGE('',*,*,#1231,.F.);
#2050=ORIENTED_EDGE('',*,*,#1470,.T.);
#2051=ORIENTED_EDGE('',*,*,#1367,.T.);
#2052=ORIENTED_EDGE('',*,*,#1470,.F.);
#2053=ORIENTED_EDGE('',*,*,#1230,.F.);
#2054=ORIENTED_EDGE('',*,*,#1471,.T.);
#2055=ORIENTED_EDGE('',*,*,#1366,.T.);
#2056=ORIENTED_EDGE('',*,*,#1471,.F.);
#2057=ORIENTED_EDGE('',*,*,#1229,.F.);
#2058=ORIENTED_EDGE('',*,*,#1472,.T.);
#2059=ORIENTED_EDGE('',*,*,#1365,.T.);
#2060=ORIENTED_EDGE('',*,*,#1472,.F.);
#2061=ORIENTED_EDGE('',*,*,#1354,.F.);
#2062=ORIENTED_EDGE('',*,*,#1215,.F.);
#2063=ORIENTED_EDGE('',*,*,#1418,.F.);
#2064=ORIENTED_EDGE('',*,*,#1359,.F.);
#2065=ORIENTED_EDGE('',*,*,#1420,.F.);
#2066=ORIENTED_EDGE('',*,*,#1211,.F.);
#2067=ORIENTED_EDGE('',*,*,#1421,.F.);
#2068=ORIENTED_EDGE('',*,*,#1363,.F.);
#2069=CONICAL_SURFACE('',#2211,1.75,0.78539816339744);
#2070=CONICAL_SURFACE('',#2215,1.75,0.785398163397441);
#2071=CONICAL_SURFACE('',#2219,1.75,0.785398163397442);
#2072=CONICAL_SURFACE('',#2223,1.74999999999999,0.78539816339744);
#2073=CONICAL_SURFACE('',#2296,2.5,0.785398163397442);
#2074=CONICAL_SURFACE('',#2299,2.5,0.785398163397442);
#2075=CONICAL_SURFACE('',#2302,2.5,0.785398163397441);
#2076=CONICAL_SURFACE('',#2305,2.5,0.785398163397442);
#2077=CONICAL_SURFACE('',#2320,2.25,0.785398163397453);
#2078=CONICAL_SURFACE('',#2324,2.25000000000001,0.785398163397454);
#2079=CONICAL_SURFACE('',#2328,2.25000000000001,0.785398163397454);
#2080=CONICAL_SURFACE('',#2332,2.25,0.785398163397453);
#2081=CONICAL_SURFACE('',#2336,2.25,0.785398163397453);
#2082=CONICAL_SURFACE('',#2340,2.25,0.785398163397453);
#2083=CONICAL_SURFACE('',#2344,2.25000000000001,0.785398163397454);
#2084=CONICAL_SURFACE('',#2348,2.25000000000001,0.785398163397454);
#2085=CONICAL_SURFACE('',#2352,2.25000000000001,0.785398163397454);
#2086=CONICAL_SURFACE('',#2356,2.25000000000001,0.785398163397454);
#2087=ADVANCED_FACE('',(#213),#2069,.F.);
#2088=ADVANCED_FACE('',(#214),#187,.T.);
#2089=ADVANCED_FACE('',(#215),#2070,.F.);
#2090=ADVANCED_FACE('',(#216),#188,.T.);
#2091=ADVANCED_FACE('',(#217),#2071,.F.);
#2092=ADVANCED_FACE('',(#218),#189,.T.);
#2093=ADVANCED_FACE('',(#219),#2072,.F.);
#2094=ADVANCED_FACE('',(#220),#190,.T.);
#2095=ADVANCED_FACE('',(#221),#191,.T.);
#2096=ADVANCED_FACE('',(#222),#121,.F.);
#2097=ADVANCED_FACE('',(#223),#192,.T.);
#2098=ADVANCED_FACE('',(#224),#122,.F.);
#2099=ADVANCED_FACE('',(#225,#15,#16,#17,#18,#19,#20,#21,#22,#23,#24,#25,
#26,#27,#28,#29,#30,#31,#32,#33,#34,#35,#36,#37,#38,#39,#40,#41,#42,#43,
#44,#45,#46,#47,#48,#49,#50,#51,#52,#53,#54,#55,#56,#57,#58,#59,#60,#61,
#62,#63,#64,#65,#66,#67),#193,.T.);
#2100=ADVANCED_FACE('',(#226),#2073,.F.);
#2101=ADVANCED_FACE('',(#227),#194,.T.);
#2102=ADVANCED_FACE('',(#228),#2074,.F.);
#2103=ADVANCED_FACE('',(#229),#195,.T.);
#2104=ADVANCED_FACE('',(#230),#2075,.F.);
#2105=ADVANCED_FACE('',(#231),#196,.T.);
#2106=ADVANCED_FACE('',(#232),#2076,.F.);
#2107=ADVANCED_FACE('',(#233),#197,.T.);
#2108=ADVANCED_FACE('',(#234),#198,.T.);
#2109=ADVANCED_FACE('',(#235),#123,.F.);
#2110=ADVANCED_FACE('',(#236),#199,.T.);
#2111=ADVANCED_FACE('',(#237),#124,.F.);
#2112=ADVANCED_FACE('',(#238),#125,.F.);
#2113=ADVANCED_FACE('',(#239),#200,.T.);
#2114=ADVANCED_FACE('',(#240),#126,.F.);
#2115=ADVANCED_FACE('',(#241),#201,.T.);
#2116=ADVANCED_FACE('',(#242),#2077,.F.);
#2117=ADVANCED_FACE('',(#243),#127,.F.);
#2118=ADVANCED_FACE('',(#244),#2078,.F.);
#2119=ADVANCED_FACE('',(#245),#128,.F.);
#2120=ADVANCED_FACE('',(#246),#2079,.F.);
#2121=ADVANCED_FACE('',(#247),#129,.F.);
#2122=ADVANCED_FACE('',(#248),#2080,.F.);
#2123=ADVANCED_FACE('',(#249),#130,.F.);
#2124=ADVANCED_FACE('',(#250),#2081,.F.);
#2125=ADVANCED_FACE('',(#251),#131,.F.);
#2126=ADVANCED_FACE('',(#252),#2082,.F.);
#2127=ADVANCED_FACE('',(#253),#132,.F.);
#2128=ADVANCED_FACE('',(#254),#2083,.F.);
#2129=ADVANCED_FACE('',(#255),#133,.F.);
#2130=ADVANCED_FACE('',(#256),#2084,.F.);
#2131=ADVANCED_FACE('',(#257),#134,.F.);
#2132=ADVANCED_FACE('',(#258),#2085,.F.);
#2133=ADVANCED_FACE('',(#259),#135,.F.);
#2134=ADVANCED_FACE('',(#260),#2086,.F.);
#2135=ADVANCED_FACE('',(#261),#136,.F.);
#2136=ADVANCED_FACE('',(#262),#137,.T.);
#2137=ADVANCED_FACE('',(#263),#202,.T.);
#2138=ADVANCED_FACE('',(#264,#68,#69,#70,#71,#72,#73,#74,#75,#76,#77,#78,
#79,#80,#81,#82,#83,#84,#85,#86,#87,#88,#89,#90,#91,#92,#93,#94,#95,#96,
#97,#98,#99,#100,#101,#102,#103,#104,#105,#106,#107,#108,#109,#110,#111,
#112,#113,#114,#115,#116,#117,#118,#119,#120),#203,.F.);
#2139=ADVANCED_FACE('',(#265),#138,.T.);
#2140=ADVANCED_FACE('',(#266),#204,.T.);
#2141=ADVANCED_FACE('',(#267),#139,.T.);
#2142=ADVANCED_FACE('',(#268),#140,.T.);
#2143=ADVANCED_FACE('',(#269),#141,.F.);
#2144=ADVANCED_FACE('',(#270),#142,.F.);
#2145=ADVANCED_FACE('',(#271),#143,.F.);
#2146=ADVANCED_FACE('',(#272),#144,.F.);
#2147=ADVANCED_FACE('',(#273),#145,.F.);
#2148=ADVANCED_FACE('',(#274),#146,.F.);
#2149=ADVANCED_FACE('',(#275),#147,.F.);
#2150=ADVANCED_FACE('',(#276),#148,.F.);
#2151=ADVANCED_FACE('',(#277),#205,.T.);
#2152=ADVANCED_FACE('',(#278),#149,.F.);
#2153=ADVANCED_FACE('',(#279),#206,.T.);
#2154=ADVANCED_FACE('',(#280),#150,.F.);
#2155=ADVANCED_FACE('',(#281),#207,.T.);
#2156=ADVANCED_FACE('',(#282),#151,.F.);
#2157=ADVANCED_FACE('',(#283),#208,.T.);
#2158=ADVANCED_FACE('',(#284),#152,.F.);
#2159=ADVANCED_FACE('',(#285),#153,.F.);
#2160=ADVANCED_FACE('',(#286),#154,.F.);
#2161=ADVANCED_FACE('',(#287),#155,.F.);
#2162=ADVANCED_FACE('',(#288),#156,.F.);
#2163=ADVANCED_FACE('',(#289),#157,.F.);
#2164=ADVANCED_FACE('',(#290),#158,.F.);
#2165=ADVANCED_FACE('',(#291),#159,.F.);
#2166=ADVANCED_FACE('',(#292),#160,.F.);
#2167=ADVANCED_FACE('',(#293),#161,.F.);
#2168=ADVANCED_FACE('',(#294),#162,.F.);
#2169=ADVANCED_FACE('',(#295),#163,.F.);
#2170=ADVANCED_FACE('',(#296),#164,.F.);
#2171=ADVANCED_FACE('',(#297),#165,.F.);
#2172=ADVANCED_FACE('',(#298),#166,.F.);
#2173=ADVANCED_FACE('',(#299),#167,.F.);
#2174=ADVANCED_FACE('',(#300),#168,.F.);
#2175=ADVANCED_FACE('',(#301),#169,.F.);
#2176=ADVANCED_FACE('',(#302),#170,.F.);
#2177=ADVANCED_FACE('',(#303),#171,.F.);
#2178=ADVANCED_FACE('',(#304),#172,.F.);
#2179=ADVANCED_FACE('',(#305),#173,.F.);
#2180=ADVANCED_FACE('',(#306),#209,.T.);
#2181=ADVANCED_FACE('',(#307),#174,.F.);
#2182=ADVANCED_FACE('',(#308),#210,.T.);
#2183=ADVANCED_FACE('',(#309),#175,.F.);
#2184=ADVANCED_FACE('',(#310),#176,.F.);
#2185=ADVANCED_FACE('',(#311),#177,.F.);
#2186=ADVANCED_FACE('',(#312),#178,.F.);
#2187=ADVANCED_FACE('',(#313),#179,.F.);
#2188=ADVANCED_FACE('',(#314),#180,.F.);
#2189=ADVANCED_FACE('',(#315),#181,.F.);
#2190=ADVANCED_FACE('',(#316),#182,.F.);
#2191=ADVANCED_FACE('',(#317),#183,.F.);
#2192=ADVANCED_FACE('',(#318),#184,.F.);
#2193=ADVANCED_FACE('',(#319),#185,.F.);
#2194=ADVANCED_FACE('',(#320),#186,.F.);
#2195=ADVANCED_FACE('',(#321),#211,.T.);
#2196=ADVANCED_FACE('',(#322),#212,.T.);
#2197=CLOSED_SHELL('',(#2087,#2088,#2089,#2090,#2091,#2092,#2093,#2094,
#2095,#2096,#2097,#2098,#2099,#2100,#2101,#2102,#2103,#2104,#2105,#2106,
#2107,#2108,#2109,#2110,#2111,#2112,#2113,#2114,#2115,#2116,#2117,#2118,
#2119,#2120,#2121,#2122,#2123,#2124,#2125,#2126,#2127,#2128,#2129,#2130,
#2131,#2132,#2133,#2134,#2135,#2136,#2137,#2138,#2139,#2140,#2141,#2142,
#2143,#2144,#2145,#2146,#2147,#2148,#2149,#2150,#2151,#2152,#2153,#2154,
#2155,#2156,#2157,#2158,#2159,#2160,#2161,#2162,#2163,#2164,#2165,#2166,
#2167,#2168,#2169,#2170,#2171,#2172,#2173,#2174,#2175,#2176,#2177,#2178,
#2179,#2180,#2181,#2182,#2183,#2184,#2185,#2186,#2187,#2188,#2189,#2190,
#2191,#2192,#2193,#2194,#2195,#2196));
#2198=DERIVED_UNIT_ELEMENT(#2200,1.);
#2199=DERIVED_UNIT_ELEMENT(#3745,-3.);
#2200=(
MASS_UNIT()
NAMED_UNIT(*)
SI_UNIT(.KILO.,.GRAM.)
);
#2201=DERIVED_UNIT((#2198,#2199));
#2202=MEASURE_REPRESENTATION_ITEM('density measure',
POSITIVE_RATIO_MEASURE(7850.),#2201);
#2203=PROPERTY_DEFINITION_REPRESENTATION(#2208,#2205);
#2204=PROPERTY_DEFINITION_REPRESENTATION(#2209,#2206);
#2205=REPRESENTATION('material name',(#2207),#3742);
#2206=REPRESENTATION('density',(#2202),#3742);
#2207=DESCRIPTIVE_REPRESENTATION_ITEM('Stahl','Stahl');
#2208=PROPERTY_DEFINITION('material property','material name',#3752);
#2209=PROPERTY_DEFINITION('material property','density of part',#3752);
#2210=AXIS2_PLACEMENT_3D('',#3141,#2471,#2472);
#2211=AXIS2_PLACEMENT_3D('',#3142,#2473,#2474);
#2212=AXIS2_PLACEMENT_3D('',#3147,#2476,#2477);
#2213=AXIS2_PLACEMENT_3D('',#3150,#2479,#2480);
#2214=AXIS2_PLACEMENT_3D('',#3151,#2481,#2482);
#2215=AXIS2_PLACEMENT_3D('',#3157,#2486,#2487);
#2216=AXIS2_PLACEMENT_3D('',#3161,#2489,#2490);
#2217=AXIS2_PLACEMENT_3D('',#3162,#2491,#2492);
#2218=AXIS2_PLACEMENT_3D('',#3163,#2493,#2494);
#2219=AXIS2_PLACEMENT_3D('',#3169,#2498,#2499);
#2220=AXIS2_PLACEMENT_3D('',#3173,#2501,#2502);
#2221=AXIS2_PLACEMENT_3D('',#3174,#2503,#2504);
#2222=AXIS2_PLACEMENT_3D('',#3175,#2505,#2506);
#2223=AXIS2_PLACEMENT_3D('',#3181,#2510,#2511);
#2224=AXIS2_PLACEMENT_3D('',#3185,#2513,#2514);
#2225=AXIS2_PLACEMENT_3D('',#3186,#2515,#2516);
#2226=AXIS2_PLACEMENT_3D('',#3187,#2517,#2518);
#2227=AXIS2_PLACEMENT_3D('',#3190,#2521,#2522);
#2228=AXIS2_PLACEMENT_3D('',#3196,#2526,#2527);
#2229=AXIS2_PLACEMENT_3D('',#3199,#2529,#2530);
#2230=AXIS2_PLACEMENT_3D('',#3200,#2531,#2532);
#2231=AXIS2_PLACEMENT_3D('',#3204,#2535,#2536);
#2232=AXIS2_PLACEMENT_3D('',#3207,#2538,#2539);
#2233=AXIS2_PLACEMENT_3D('',#3208,#2540,#2541);
#2234=AXIS2_PLACEMENT_3D('',#3211,#2542,#2543);
#2235=AXIS2_PLACEMENT_3D('',#3215,#2545,#2546);
#2236=AXIS2_PLACEMENT_3D('',#3219,#2548,#2549);
#2237=AXIS2_PLACEMENT_3D('',#3223,#2551,#2552);
#2238=AXIS2_PLACEMENT_3D('',#3227,#2554,#2555);
#2239=AXIS2_PLACEMENT_3D('',#3231,#2557,#2558);
#2240=AXIS2_PLACEMENT_3D('',#3235,#2560,#2561);
#2241=AXIS2_PLACEMENT_3D('',#3239,#2563,#2564);
#2242=AXIS2_PLACEMENT_3D('',#3242,#2566,#2567);
#2243=AXIS2_PLACEMENT_3D('',#3244,#2568,#2569);
#2244=AXIS2_PLACEMENT_3D('',#3246,#2570,#2571);
#2245=AXIS2_PLACEMENT_3D('',#3248,#2572,#2573);
#2246=AXIS2_PLACEMENT_3D('',#3250,#2574,#2575);
#2247=AXIS2_PLACEMENT_3D('',#3252,#2576,#2577);
#2248=AXIS2_PLACEMENT_3D('',#3254,#2578,#2579);
#2249=AXIS2_PLACEMENT_3D('',#3256,#2580,#2581);
#2250=AXIS2_PLACEMENT_3D('',#3258,#2582,#2583);
#2251=AXIS2_PLACEMENT_3D('',#3260,#2584,#2585);
#2252=AXIS2_PLACEMENT_3D('',#3262,#2586,#2587);
#2253=AXIS2_PLACEMENT_3D('',#3264,#2588,#2589);
#2254=AXIS2_PLACEMENT_3D('',#3266,#2590,#2591);
#2255=AXIS2_PLACEMENT_3D('',#3268,#2592,#2593);
#2256=AXIS2_PLACEMENT_3D('',#3270,#2594,#2595);
#2257=AXIS2_PLACEMENT_3D('',#3272,#2596,#2597);
#2258=AXIS2_PLACEMENT_3D('',#3274,#2598,#2599);
#2259=AXIS2_PLACEMENT_3D('',#3276,#2600,#2601);
#2260=AXIS2_PLACEMENT_3D('',#3278,#2602,#2603);
#2261=AXIS2_PLACEMENT_3D('',#3280,#2604,#2605);
#2262=AXIS2_PLACEMENT_3D('',#3282,#2606,#2607);
#2263=AXIS2_PLACEMENT_3D('',#3284,#2608,#2609);
#2264=AXIS2_PLACEMENT_3D('',#3286,#2610,#2611);
#2265=AXIS2_PLACEMENT_3D('',#3288,#2612,#2613);
#2266=AXIS2_PLACEMENT_3D('',#3290,#2614,#2615);
#2267=AXIS2_PLACEMENT_3D('',#3292,#2616,#2617);
#2268=AXIS2_PLACEMENT_3D('',#3294,#2618,#2619);
#2269=AXIS2_PLACEMENT_3D('',#3296,#2620,#2621);
#2270=AXIS2_PLACEMENT_3D('',#3298,#2622,#2623);
#2271=AXIS2_PLACEMENT_3D('',#3300,#2624,#2625);
#2272=AXIS2_PLACEMENT_3D('',#3302,#2626,#2627);
#2273=AXIS2_PLACEMENT_3D('',#3304,#2628,#2629);
#2274=AXIS2_PLACEMENT_3D('',#3306,#2630,#2631);
#2275=AXIS2_PLACEMENT_3D('',#3308,#2632,#2633);
#2276=AXIS2_PLACEMENT_3D('',#3310,#2634,#2635);
#2277=AXIS2_PLACEMENT_3D('',#3312,#2636,#2637);
#2278=AXIS2_PLACEMENT_3D('',#3314,#2638,#2639);
#2279=AXIS2_PLACEMENT_3D('',#3316,#2640,#2641);
#2280=AXIS2_PLACEMENT_3D('',#3321,#2643,#2644);
#2281=AXIS2_PLACEMENT_3D('',#3325,#2646,#2647);
#2282=AXIS2_PLACEMENT_3D('',#3329,#2649,#2650);
#2283=AXIS2_PLACEMENT_3D('',#3332,#2652,#2653);
#2284=AXIS2_PLACEMENT_3D('',#3334,#2654,#2655);
#2285=AXIS2_PLACEMENT_3D('',#3336,#2656,#2657);
#2286=AXIS2_PLACEMENT_3D('',#3338,#2658,#2659);
#2287=AXIS2_PLACEMENT_3D('',#3340,#2660,#2661);
#2288=AXIS2_PLACEMENT_3D('',#3342,#2662,#2663);
#2289=AXIS2_PLACEMENT_3D('',#3344,#2664,#2665);
#2290=AXIS2_PLACEMENT_3D('',#3346,#2666,#2667);
#2291=AXIS2_PLACEMENT_3D('',#3348,#2668,#2669);
#2292=AXIS2_PLACEMENT_3D('',#3350,#2670,#2671);
#2293=AXIS2_PLACEMENT_3D('',#3352,#2672,#2673);
#2294=AXIS2_PLACEMENT_3D('',#3354,#2674,#2675);
#2295=AXIS2_PLACEMENT_3D('',#3356,#2676,#2677);
#2296=AXIS2_PLACEMENT_3D('',#3357,#2678,#2679);
#2297=AXIS2_PLACEMENT_3D('',#3361,#2681,#2682);
#2298=AXIS2_PLACEMENT_3D('',#3363,#2684,#2685);
#2299=AXIS2_PLACEMENT_3D('',#3367,#2688,#2689);
#2300=AXIS2_PLACEMENT_3D('',#3370,#2691,#2692);
#2301=AXIS2_PLACEMENT_3D('',#3371,#2693,#2694);
#2302=AXIS2_PLACEMENT_3D('',#3375,#2697,#2698);
#2303=AXIS2_PLACEMENT_3D('',#3378,#2700,#2701);
#2304=AXIS2_PLACEMENT_3D('',#3379,#2702,#2703);
#2305=AXIS2_PLACEMENT_3D('',#3383,#2706,#2707);
#2306=AXIS2_PLACEMENT_3D('',#3386,#2709,#2710);
#2307=AXIS2_PLACEMENT_3D('',#3387,#2711,#2712);
#2308=AXIS2_PLACEMENT_3D('',#3389,#2714,#2715);
#2309=AXIS2_PLACEMENT_3D('',#3395,#2719,#2720);
#2310=AXIS2_PLACEMENT_3D('',#3398,#2722,#2723);
#2311=AXIS2_PLACEMENT_3D('',#3399,#2724,#2725);
#2312=AXIS2_PLACEMENT_3D('',#3403,#2728,#2729);
#2313=AXIS2_PLACEMENT_3D('',#3406,#2731,#2732);
#2314=AXIS2_PLACEMENT_3D('',#3407,#2733,#2734);
#2315=AXIS2_PLACEMENT_3D('',#3409,#2735,#2736);
#2316=AXIS2_PLACEMENT_3D('',#3411,#2738,#2739);
#2317=AXIS2_PLACEMENT_3D('',#3415,#2742,#2743);
#2318=AXIS2_PLACEMENT_3D('',#3417,#2744,#2745);
#2319=AXIS2_PLACEMENT_3D('',#3419,#2747,#2748);
#2320=AXIS2_PLACEMENT_3D('',#3421,#2750,#2751);
#2321=AXIS2_PLACEMENT_3D('',#3424,#2753,#2754);
#2322=AXIS2_PLACEMENT_3D('',#3425,#2755,#2756);
#2323=AXIS2_PLACEMENT_3D('',#3428,#2758,#2759);
#2324=AXIS2_PLACEMENT_3D('',#3429,#2760,#2761);
#2325=AXIS2_PLACEMENT_3D('',#3432,#2763,#2764);
#2326=AXIS2_PLACEMENT_3D('',#3433,#2765,#2766);
#2327=AXIS2_PLACEMENT_3D('',#3436,#2768,#2769);
#2328=AXIS2_PLACEMENT_3D('',#3437,#2770,#2771);
#2329=AXIS2_PLACEMENT_3D('',#3440,#2773,#2774);
#2330=AXIS2_PLACEMENT_3D('',#3441,#2775,#2776);
#2331=AXIS2_PLACEMENT_3D('',#3444,#2778,#2779);
#2332=AXIS2_PLACEMENT_3D('',#3445,#2780,#2781);
#2333=AXIS2_PLACEMENT_3D('',#3448,#2783,#2784);
#2334=AXIS2_PLACEMENT_3D('',#3449,#2785,#2786);
#2335=AXIS2_PLACEMENT_3D('',#3452,#2788,#2789);
#2336=AXIS2_PLACEMENT_3D('',#3453,#2790,#2791);
#2337=AXIS2_PLACEMENT_3D('',#3456,#2793,#2794);
#2338=AXIS2_PLACEMENT_3D('',#3457,#2795,#2796);
#2339=AXIS2_PLACEMENT_3D('',#3460,#2798,#2799);
#2340=AXIS2_PLACEMENT_3D('',#3461,#2800,#2801);
#2341=AXIS2_PLACEMENT_3D('',#3464,#2803,#2804);
#2342=AXIS2_PLACEMENT_3D('',#3465,#2805,#2806);
#2343=AXIS2_PLACEMENT_3D('',#3468,#2808,#2809);
#2344=AXIS2_PLACEMENT_3D('',#3469,#2810,#2811);
#2345=AXIS2_PLACEMENT_3D('',#3472,#2813,#2814);
#2346=AXIS2_PLACEMENT_3D('',#3473,#2815,#2816);
#2347=AXIS2_PLACEMENT_3D('',#3476,#2818,#2819);
#2348=AXIS2_PLACEMENT_3D('',#3477,#2820,#2821);
#2349=AXIS2_PLACEMENT_3D('',#3480,#2823,#2824);
#2350=AXIS2_PLACEMENT_3D('',#3481,#2825,#2826);
#2351=AXIS2_PLACEMENT_3D('',#3484,#2828,#2829);
#2352=AXIS2_PLACEMENT_3D('',#3485,#2830,#2831);
#2353=AXIS2_PLACEMENT_3D('',#3488,#2833,#2834);
#2354=AXIS2_PLACEMENT_3D('',#3489,#2835,#2836);
#2355=AXIS2_PLACEMENT_3D('',#3492,#2838,#2839);
#2356=AXIS2_PLACEMENT_3D('',#3493,#2840,#2841);
#2357=AXIS2_PLACEMENT_3D('',#3496,#2843,#2844);
#2358=AXIS2_PLACEMENT_3D('',#3497,#2845,#2846);
#2359=AXIS2_PLACEMENT_3D('',#3500,#2848,#2849);
#2360=AXIS2_PLACEMENT_3D('',#3501,#2850,#2851);
#2361=AXIS2_PLACEMENT_3D('',#3505,#2853,#2854);
#2362=AXIS2_PLACEMENT_3D('',#3507,#2856,#2857);
#2363=AXIS2_PLACEMENT_3D('',#3511,#2860,#2861);
#2364=AXIS2_PLACEMENT_3D('',#3515,#2863,#2864);
#2365=AXIS2_PLACEMENT_3D('',#3519,#2866,#2867);
#2366=AXIS2_PLACEMENT_3D('',#3522,#2869,#2870);
#2367=AXIS2_PLACEMENT_3D('',#3524,#2871,#2872);
#2368=AXIS2_PLACEMENT_3D('',#3526,#2873,#2874);
#2369=AXIS2_PLACEMENT_3D('',#3528,#2875,#2876);
#2370=AXIS2_PLACEMENT_3D('',#3530,#2877,#2878);
#2371=AXIS2_PLACEMENT_3D('',#3532,#2879,#2880);
#2372=AXIS2_PLACEMENT_3D('',#3534,#2881,#2882);
#2373=AXIS2_PLACEMENT_3D('',#3536,#2883,#2884);
#2374=AXIS2_PLACEMENT_3D('',#3538,#2885,#2886);
#2375=AXIS2_PLACEMENT_3D('',#3540,#2887,#2888);
#2376=AXIS2_PLACEMENT_3D('',#3542,#2889,#2890);
#2377=AXIS2_PLACEMENT_3D('',#3544,#2891,#2892);
#2378=AXIS2_PLACEMENT_3D('',#3548,#2894,#2895);
#2379=AXIS2_PLACEMENT_3D('',#3551,#2897,#2898);
#2380=AXIS2_PLACEMENT_3D('',#3553,#2899,#2900);
#2381=AXIS2_PLACEMENT_3D('',#3555,#2901,#2902);
#2382=AXIS2_PLACEMENT_3D('',#3557,#2903,#2904);
#2383=AXIS2_PLACEMENT_3D('',#3559,#2905,#2906);
#2384=AXIS2_PLACEMENT_3D('',#3561,#2907,#2908);
#2385=AXIS2_PLACEMENT_3D('',#3563,#2909,#2910);
#2386=AXIS2_PLACEMENT_3D('',#3565,#2911,#2912);
#2387=AXIS2_PLACEMENT_3D('',#3567,#2913,#2914);
#2388=AXIS2_PLACEMENT_3D('',#3569,#2915,#2916);
#2389=AXIS2_PLACEMENT_3D('',#3571,#2917,#2918);
#2390=AXIS2_PLACEMENT_3D('',#3573,#2919,#2920);
#2391=AXIS2_PLACEMENT_3D('',#3575,#2921,#2922);
#2392=AXIS2_PLACEMENT_3D('',#3577,#2923,#2924);
#2393=AXIS2_PLACEMENT_3D('',#3579,#2925,#2926);
#2394=AXIS2_PLACEMENT_3D('',#3581,#2927,#2928);
#2395=AXIS2_PLACEMENT_3D('',#3583,#2929,#2930);
#2396=AXIS2_PLACEMENT_3D('',#3585,#2931,#2932);
#2397=AXIS2_PLACEMENT_3D('',#3587,#2933,#2934);
#2398=AXIS2_PLACEMENT_3D('',#3589,#2935,#2936);
#2399=AXIS2_PLACEMENT_3D('',#3591,#2937,#2938);
#2400=AXIS2_PLACEMENT_3D('',#3593,#2939,#2940);
#2401=AXIS2_PLACEMENT_3D('',#3595,#2941,#2942);
#2402=AXIS2_PLACEMENT_3D('',#3600,#2944,#2945);
#2403=AXIS2_PLACEMENT_3D('',#3604,#2947,#2948);
#2404=AXIS2_PLACEMENT_3D('',#3608,#2950,#2951);
#2405=AXIS2_PLACEMENT_3D('',#3611,#2953,#2954);
#2406=AXIS2_PLACEMENT_3D('',#3613,#2955,#2956);
#2407=AXIS2_PLACEMENT_3D('',#3615,#2957,#2958);
#2408=AXIS2_PLACEMENT_3D('',#3617,#2959,#2960);
#2409=AXIS2_PLACEMENT_3D('',#3619,#2961,#2962);
#2410=AXIS2_PLACEMENT_3D('',#3621,#2963,#2964);
#2411=AXIS2_PLACEMENT_3D('',#3623,#2965,#2966);
#2412=AXIS2_PLACEMENT_3D('',#3625,#2967,#2968);
#2413=AXIS2_PLACEMENT_3D('',#3626,#2969,#2970);
#2414=AXIS2_PLACEMENT_3D('',#3629,#2973,#2974);
#2415=AXIS2_PLACEMENT_3D('',#3631,#2976,#2977);
#2416=AXIS2_PLACEMENT_3D('',#3633,#2979,#2980);
#2417=AXIS2_PLACEMENT_3D('',#3635,#2982,#2983);
#2418=AXIS2_PLACEMENT_3D('',#3637,#2985,#2986);
#2419=AXIS2_PLACEMENT_3D('',#3639,#2988,#2989);
#2420=AXIS2_PLACEMENT_3D('',#3641,#2991,#2992);
#2421=AXIS2_PLACEMENT_3D('',#3643,#2994,#2995);
#2422=AXIS2_PLACEMENT_3D('',#3645,#2997,#2998);
#2423=AXIS2_PLACEMENT_3D('',#3647,#3000,#3001);
#2424=AXIS2_PLACEMENT_3D('',#3649,#3003,#3004);
#2425=AXIS2_PLACEMENT_3D('',#3652,#3007,#3008);
#2426=AXIS2_PLACEMENT_3D('',#3654,#3010,#3011);
#2427=AXIS2_PLACEMENT_3D('',#3656,#3013,#3014);
#2428=AXIS2_PLACEMENT_3D('',#3658,#3016,#3017);
#2429=AXIS2_PLACEMENT_3D('',#3660,#3019,#3020);
#2430=AXIS2_PLACEMENT_3D('',#3662,#3022,#3023);
#2431=AXIS2_PLACEMENT_3D('',#3664,#3025,#3026);
#2432=AXIS2_PLACEMENT_3D('',#3665,#3027,#3028);
#2433=AXIS2_PLACEMENT_3D('',#3667,#3030,#3031);
#2434=AXIS2_PLACEMENT_3D('',#3669,#3033,#3034);
#2435=AXIS2_PLACEMENT_3D('',#3671,#3036,#3037);
#2436=AXIS2_PLACEMENT_3D('',#3673,#3039,#3040);
#2437=AXIS2_PLACEMENT_3D('',#3675,#3042,#3043);
#2438=AXIS2_PLACEMENT_3D('',#3677,#3045,#3046);
#2439=AXIS2_PLACEMENT_3D('',#3679,#3048,#3049);
#2440=AXIS2_PLACEMENT_3D('',#3681,#3051,#3052);
#2441=AXIS2_PLACEMENT_3D('',#3683,#3054,#3055);
#2442=AXIS2_PLACEMENT_3D('',#3685,#3057,#3058);
#2443=AXIS2_PLACEMENT_3D('',#3687,#3060,#3061);
#2444=AXIS2_PLACEMENT_3D('',#3689,#3063,#3064);
#2445=AXIS2_PLACEMENT_3D('',#3691,#3066,#3067);
#2446=AXIS2_PLACEMENT_3D('',#3693,#3069,#3070);
#2447=AXIS2_PLACEMENT_3D('',#3695,#3072,#3073);
#2448=AXIS2_PLACEMENT_3D('',#3697,#3075,#3076);
#2449=AXIS2_PLACEMENT_3D('',#3699,#3078,#3079);
#2450=AXIS2_PLACEMENT_3D('',#3701,#3081,#3082);
#2451=AXIS2_PLACEMENT_3D('',#3703,#3084,#3085);
#2452=AXIS2_PLACEMENT_3D('',#3705,#3087,#3088);
#2453=AXIS2_PLACEMENT_3D('',#3707,#3090,#3091);
#2454=AXIS2_PLACEMENT_3D('',#3709,#3093,#3094);
#2455=AXIS2_PLACEMENT_3D('',#3711,#3096,#3097);
#2456=AXIS2_PLACEMENT_3D('',#3713,#3099,#3100);
#2457=AXIS2_PLACEMENT_3D('',#3715,#3102,#3103);
#2458=AXIS2_PLACEMENT_3D('',#3716,#3104,#3105);
#2459=AXIS2_PLACEMENT_3D('',#3718,#3107,#3108);
#2460=AXIS2_PLACEMENT_3D('',#3720,#3110,#3111);
#2461=AXIS2_PLACEMENT_3D('',#3722,#3113,#3114);
#2462=AXIS2_PLACEMENT_3D('',#3724,#3116,#3117);
#2463=AXIS2_PLACEMENT_3D('',#3726,#3119,#3120);
#2464=AXIS2_PLACEMENT_3D('',#3728,#3122,#3123);
#2465=AXIS2_PLACEMENT_3D('',#3730,#3125,#3126);
#2466=AXIS2_PLACEMENT_3D('',#3732,#3128,#3129);
#2467=AXIS2_PLACEMENT_3D('',#3734,#3131,#3132);
#2468=AXIS2_PLACEMENT_3D('',#3736,#3134,#3135);
#2469=AXIS2_PLACEMENT_3D('',#3738,#3137,#3138);
#2470=AXIS2_PLACEMENT_3D('',#3739,#3139,#3140);
#2471=DIRECTION('axis',(0.,0.,1.));
#2472=DIRECTION('refdir',(1.,0.,0.));
#2473=DIRECTION('center_axis',(0.,-1.,0.));
#2474=DIRECTION('ref_axis',(-1.,7.3340985180534E-47,-2.66453525910038E-15));
#2475=DIRECTION('',(-0.707106781186541,-0.707106781186554,-1.57009245868377E-15));
#2476=DIRECTION('center_axis',(1.72857540829541E-47,-1.,-4.93038065763132E-32));
#2477=DIRECTION('ref_axis',(-1.,1.14085976947497E-46,-2.66453525910038E-15));
#2478=DIRECTION('',(3.14018491736753E-15,0.707106781186553,0.707106781186542));
#2479=DIRECTION('center_axis',(-1.72857540829541E-47,1.,4.93038065763132E-32));
#2480=DIRECTION('ref_axis',(-1.,0.,-2.66453525910038E-15));
#2481=DIRECTION('center_axis',(0.707106781186552,-0.707106781186543,-9.82843479614266E-16));
#2482=DIRECTION('ref_axis',(-1.38995057856045E-15,0.,-1.));
#2483=DIRECTION('',(-0.707106781186543,-0.707106781186552,1.11163772709544E-15));
#2484=DIRECTION('',(-1.38995057856045E-15,4.93038065763132E-32,-1.));
#2485=DIRECTION('',(1.38995057856045E-15,-4.93038065763132E-32,1.));
#2486=DIRECTION('center_axis',(0.,-1.,0.));
#2487=DIRECTION('ref_axis',(-3.5527136788005E-15,-3.16953042276299E-32,
1.));
#2488=DIRECTION('',(-3.14018491736753E-15,-0.707106781186553,0.707106781186542));
#2489=DIRECTION('center_axis',(1.72857540829541E-47,-1.,-4.93038065763132E-32));
#2490=DIRECTION('ref_axis',(-3.5527136788005E-15,-4.93038065763132E-32,
1.));
#2491=DIRECTION('center_axis',(-1.72857540829541E-47,1.,4.93038065763132E-32));
#2492=DIRECTION('ref_axis',(-3.5527136788005E-15,0.,1.));
#2493=DIRECTION('center_axis',(-1.50478701243163E-15,-0.707106781186543,
-0.707106781186552));
#2494=DIRECTION('ref_axis',(-1.,0.,2.12809020146368E-15));
#2495=DIRECTION('',(3.14018491736753E-15,-0.707106781186552,0.707106781186542));
#2496=DIRECTION('',(-1.,-1.22208701752867E-46,2.12809020146368E-15));
#2497=DIRECTION('',(1.,1.22208701752867E-46,-2.12809020146368E-15));
#2498=DIRECTION('center_axis',(0.,-1.,0.));
#2499=DIRECTION('ref_axis',(1.,3.83836342895598E-47,-8.60422844084496E-16));
#2500=DIRECTION('',(0.707106781186543,-0.707106781186552,-6.08717486423295E-16));
#2501=DIRECTION('center_axis',(1.72857540829541E-47,-1.,-4.93038065763132E-32));
#2502=DIRECTION('ref_axis',(1.,5.97078755615374E-47,-8.60422844084497E-16));
#2503=DIRECTION('center_axis',(-1.72857540829541E-47,1.,4.93038065763132E-32));
#2504=DIRECTION('ref_axis',(1.,0.,-8.60422844084497E-16));
#2505=DIRECTION('center_axis',(-0.707106781186552,-0.707106781186543,2.45710869903566E-16));
#2506=DIRECTION('ref_axis',(3.47487644640112E-16,0.,1.));
#2507=DIRECTION('',(0.707106781186543,-0.707106781186552,0.));
#2508=DIRECTION('',(3.47487644640113E-16,-4.93038065763132E-32,1.));
#2509=DIRECTION('',(-3.47487644640113E-16,4.93038065763132E-32,-1.));
#2510=DIRECTION('center_axis',(0.,-1.,0.));
#2511=DIRECTION('ref_axis',(7.10542735760103E-15,3.16953042276299E-32,-1.));
#2512=DIRECTION('',(6.28036983473506E-15,-0.707106781186553,-0.707106781186542));
#2513=DIRECTION('center_axis',(1.72857540829541E-47,-1.,-4.93038065763132E-32));
#2514=DIRECTION('ref_axis',(7.10542735760103E-15,4.93038065763132E-32,-1.));
#2515=DIRECTION('center_axis',(-1.72857540829541E-47,1.,4.93038065763132E-32));
#2516=DIRECTION('ref_axis',(7.10542735760103E-15,0.,-1.));
#2517=DIRECTION('center_axis',(1.20382960994528E-15,-0.707106781186543,
0.707106781186552));
#2518=DIRECTION('ref_axis',(1.,0.,-1.70247216117092E-15));
#2519=DIRECTION('',(1.,1.01224112218883E-46,-1.70247216117092E-15));
#2520=DIRECTION('',(-1.,-1.01224112218883E-46,1.70247216117092E-15));
#2521=DIRECTION('center_axis',(-2.12809020146368E-15,0.,-1.));
#2522=DIRECTION('ref_axis',(1.,-1.70247216117094E-15,-2.12809020146368E-15));
#2523=DIRECTION('',(0.,-1.,0.));
#2524=DIRECTION('',(1.,-1.70247216117094E-15,-2.12809020146368E-15));
#2525=DIRECTION('',(0.,-1.,0.));
#2526=DIRECTION('center_axis',(0.,-1.,0.));
#2527=DIRECTION('ref_axis',(-3.5527136788005E-15,0.,1.));
#2528=DIRECTION('',(0.,-1.,0.));
#2529=DIRECTION('center_axis',(1.39452223873685E-31,1.,-3.45126646034193E-31));
#2530=DIRECTION('ref_axis',(-3.5527136788005E-15,3.45126646034193E-31,1.));
#2531=DIRECTION('center_axis',(1.,0.,-1.38995057856045E-15));
#2532=DIRECTION('ref_axis',(1.38995057856045E-15,1.73743822320056E-16,1.));
#2533=DIRECTION('',(0.,-1.,0.));
#2534=DIRECTION('',(1.38995057856045E-15,1.73743822320056E-16,1.));
#2535=DIRECTION('center_axis',(0.,-1.,0.));
#2536=DIRECTION('ref_axis',(-1.,0.,-2.66453525910038E-15));
#2537=DIRECTION('',(0.,-1.,0.));
#2538=DIRECTION('center_axis',(-3.43482338423368E-46,1.,-1.4791141972894E-31));
#2539=DIRECTION('ref_axis',(-1.,-7.37597531514723E-46,-2.66453525910038E-15));
#2540=DIRECTION('center_axis',(1.72857540829541E-47,-1.,-4.93038065763132E-32));
#2541=DIRECTION('ref_axis',(-1.,-1.72857540829541E-47,-1.10082740628259E-79));
#2542=DIRECTION('center_axis',(-1.72857540829541E-47,1.,4.93038065763132E-32));
#2543=DIRECTION('ref_axis',(0.707106781186547,0.,0.707106781186547));
#2544=DIRECTION('',(-1.,2.88095901382568E-48,-4.09029535388215E-16));
#2545=DIRECTION('center_axis',(-1.72857540829541E-47,1.,4.93038065763132E-32));
#2546=DIRECTION('ref_axis',(-0.707106781186549,0.,0.707106781186546));
#2547=DIRECTION('',(5.46571335200077E-16,4.93038065763132E-32,-1.));
#2548=DIRECTION('center_axis',(-1.72857540829541E-47,1.,4.93038065763132E-32));
#2549=DIRECTION('ref_axis',(-0.707106781186547,0.,-0.707106781186547));
#2550=DIRECTION('',(1.,6.4821577811078E-49,2.92163953848725E-16));
#2551=DIRECTION('center_axis',(-1.72857540829541E-47,1.,4.93038065763132E-32));
#2552=DIRECTION('ref_axis',(0.707106781186547,0.,-0.707106781186547));
#2553=DIRECTION('',(-1.36642833800019E-16,-4.93038065763132E-32,1.));
#2554=DIRECTION('center_axis',(1.72857540829541E-47,-1.,-4.93038065763132E-32));
#2555=DIRECTION('ref_axis',(-0.707106781186555,3.48630559684206E-32,-0.70710678118654));
#2556=DIRECTION('',(-9.97733467064018E-15,4.93038065763132E-32,-1.));
#2557=DIRECTION('center_axis',(1.72857540829541E-47,-1.,-4.93038065763132E-32));
#2558=DIRECTION('ref_axis',(-0.70710678118654,-3.48630559684213E-32,0.707106781186555));
#2559=DIRECTION('',(-1.,-5.03361158895624E-46,9.85878045867138E-15));
#2560=DIRECTION('center_axis',(1.72857540829541E-47,-1.,-4.93038065763132E-32));
#2561=DIRECTION('ref_axis',(0.707106781186554,-3.48630559684206E-32,0.707106781186541));
#2562=DIRECTION('',(1.00873788030369E-14,-4.93038065763132E-32,1.));
#2563=DIRECTION('center_axis',(1.72857540829541E-47,-1.,-4.93038065763132E-32));
#2564=DIRECTION('ref_axis',(0.70710678118654,3.48630559684213E-32,-0.707106781186555));
#2565=DIRECTION('',(1.,5.16498331998669E-46,-1.01252339845814E-14));
#2566=DIRECTION('center_axis',(1.72857540829541E-47,-1.,-4.93038065763132E-32));
#2567=DIRECTION('ref_axis',(-1.,-1.72857540829541E-47,-8.52253475831686E-79));
#2568=DIRECTION('center_axis',(1.72857540829541E-47,-1.,-4.93038065763132E-32));
#2569=DIRECTION('ref_axis',(-1.,-1.72857540829541E-47,-8.52253475831686E-79));
#2570=DIRECTION('center_axis',(1.72857540829541E-47,-1.,-4.93038065763132E-32));
#2571=DIRECTION('ref_axis',(-1.,-1.72857540829541E-47,-8.52253475831687E-79));
#2572=DIRECTION('center_axis',(1.72857540829541E-47,-1.,-4.93038065763132E-32));
#2573=DIRECTION('ref_axis',(-1.,-1.72857540829541E-47,-8.52253475831686E-79));
#2574=DIRECTION('center_axis',(1.72857540829541E-47,-1.,-4.93038065763132E-32));
#2575=DIRECTION('ref_axis',(-1.,-1.72857540829541E-47,-8.52253475831686E-79));
#2576=DIRECTION('center_axis',(-1.50530108472392E-47,1.,4.93038065763132E-32));
#2577=DIRECTION('ref_axis',(-1.,-1.50530108472392E-47,0.));
#2578=DIRECTION('center_axis',(-1.50530108472392E-47,1.,4.93038065763132E-32));
#2579=DIRECTION('ref_axis',(-1.,-1.50530108472392E-47,0.));
#2580=DIRECTION('center_axis',(-1.50530108472392E-47,1.,4.93038065763132E-32));
#2581=DIRECTION('ref_axis',(-1.,-1.50530108472392E-47,0.));
#2582=DIRECTION('center_axis',(-1.50530108472392E-47,1.,4.93038065763132E-32));
#2583=DIRECTION('ref_axis',(-1.,-1.50530108472392E-47,0.));
#2584=DIRECTION('center_axis',(-1.50530108472392E-47,1.,4.93038065763132E-32));
#2585=DIRECTION('ref_axis',(-1.,-1.50530108472392E-47,0.));
#2586=DIRECTION('center_axis',(-1.50530108472392E-47,1.,4.93038065763132E-32));
#2587=DIRECTION('ref_axis',(-1.,-1.50530108472392E-47,0.));
#2588=DIRECTION('center_axis',(-1.50530108472392E-47,1.,4.93038065763132E-32));
#2589=DIRECTION('ref_axis',(-1.,-1.50530108472392E-47,0.));
#2590=DIRECTION('center_axis',(-1.50530108472392E-47,1.,4.93038065763132E-32));
#2591=DIRECTION('ref_axis',(-1.,-1.50530108472392E-47,0.));
#2592=DIRECTION('center_axis',(-1.50530108472392E-47,1.,4.93038065763132E-32));
#2593=DIRECTION('ref_axis',(-1.,-1.50530108472392E-47,0.));
#2594=DIRECTION('center_axis',(-1.50530108472392E-47,1.,4.93038065763132E-32));
#2595=DIRECTION('ref_axis',(-1.,-1.50530108472392E-47,0.));
#2596=DIRECTION('center_axis',(-1.50530108472392E-47,1.,4.93038065763132E-32));
#2597=DIRECTION('ref_axis',(-1.,-1.50530108472392E-47,0.));
#2598=DIRECTION('center_axis',(-1.50530108472392E-47,1.,4.93038065763132E-32));
#2599=DIRECTION('ref_axis',(-1.,-1.50530108472392E-47,0.));
#2600=DIRECTION('center_axis',(-1.50530108472392E-47,1.,4.93038065763132E-32));
#2601=DIRECTION('ref_axis',(-1.,-1.50530108472392E-47,0.));
#2602=DIRECTION('center_axis',(-1.50530108472392E-47,1.,4.93038065763132E-32));
#2603=DIRECTION('ref_axis',(-1.,-1.50530108472392E-47,0.));
#2604=DIRECTION('center_axis',(-1.50530108472392E-47,1.,4.93038065763132E-32));
#2605=DIRECTION('ref_axis',(-1.,-1.50530108472392E-47,0.));
#2606=DIRECTION('center_axis',(-1.50530108472392E-47,1.,4.93038065763132E-32));
#2607=DIRECTION('ref_axis',(-1.,-1.50530108472392E-47,0.));
#2608=DIRECTION('center_axis',(-1.50530108472392E-47,1.,4.93038065763132E-32));
#2609=DIRECTION('ref_axis',(-1.,-1.50530108472392E-47,0.));
#2610=DIRECTION('center_axis',(-1.50530108472392E-47,1.,4.93038065763132E-32));
#2611=DIRECTION('ref_axis',(-1.,-1.50530108472392E-47,0.));
#2612=DIRECTION('center_axis',(-1.50530108472392E-47,1.,4.93038065763132E-32));
#2613=DIRECTION('ref_axis',(-1.,-1.50530108472392E-47,0.));
#2614=DIRECTION('center_axis',(-1.50530108472392E-47,1.,4.93038065763132E-32));
#2615=DIRECTION('ref_axis',(-1.,-1.50530108472392E-47,0.));
#2616=DIRECTION('center_axis',(-1.50530108472392E-47,1.,4.93038065763132E-32));
#2617=DIRECTION('ref_axis',(-1.,-1.50530108472392E-47,0.));
#2618=DIRECTION('center_axis',(-4.93038065763132E-32,1.,9.7144514654709E-17));
#2619=DIRECTION('ref_axis',(-1.,-3.52170046965636E-32,-1.73633238775648E-63));
#2620=DIRECTION('center_axis',(-1.50530108472392E-47,1.,4.93038065763132E-32));
#2621=DIRECTION('ref_axis',(-1.,-1.50530108472392E-47,0.));
#2622=DIRECTION('center_axis',(-1.50530108472392E-47,1.,4.93038065763132E-32));
#2623=DIRECTION('ref_axis',(-1.,-1.50530108472392E-47,0.));
#2624=DIRECTION('center_axis',(-1.50530108472392E-47,1.,4.93038065763132E-32));
#2625=DIRECTION('ref_axis',(-1.,-1.50530108472392E-47,0.));
#2626=DIRECTION('center_axis',(-1.50530108472392E-47,1.,4.93038065763132E-32));
#2627=DIRECTION('ref_axis',(-1.,-1.50530108472392E-47,0.));
#2628=DIRECTION('center_axis',(-1.50530108472392E-47,1.,4.93038065763132E-32));
#2629=DIRECTION('ref_axis',(-1.,-1.50530108472392E-47,0.));
#2630=DIRECTION('center_axis',(-1.50530108472392E-47,1.,4.93038065763132E-32));
#2631=DIRECTION('ref_axis',(-1.,-1.50530108472392E-47,0.));
#2632=DIRECTION('center_axis',(-1.50530108472392E-47,1.,4.93038065763132E-32));
#2633=DIRECTION('ref_axis',(-1.,-1.50530108472392E-47,0.));
#2634=DIRECTION('center_axis',(-1.50530108472392E-47,1.,4.93038065763132E-32));
#2635=DIRECTION('ref_axis',(-1.,-1.50530108472392E-47,0.));
#2636=DIRECTION('center_axis',(-1.50530108472392E-47,1.,4.93038065763132E-32));
#2637=DIRECTION('ref_axis',(-1.,-1.50530108472392E-47,0.));
#2638=DIRECTION('center_axis',(-1.50530108472392E-47,1.,4.93038065763132E-32));
#2639=DIRECTION('ref_axis',(-1.,-1.50530108472392E-47,0.));
#2640=DIRECTION('center_axis',(-1.50530108472392E-47,1.,4.93038065763132E-32));
#2641=DIRECTION('ref_axis',(-1.,-1.50530108472392E-47,0.));
#2642=DIRECTION('',(-1.11802593826141E-15,-1.16461035235727E-16,1.));
#2643=DIRECTION('center_axis',(-6.93889390390997E-17,1.,2.77555756156289E-16));
#2644=DIRECTION('ref_axis',(-2.22044604925031E-15,-2.77555756156289E-16,
1.));
#2645=DIRECTION('',(1.,6.93889390390977E-17,8.3007328943937E-16));
#2646=DIRECTION('center_axis',(-2.77555756154463E-16,1.,1.44939622478408E-28));
#2647=DIRECTION('ref_axis',(1.,2.77555756154463E-16,3.99680288865015E-14));
#2648=DIRECTION('',(1.5182537088891E-15,-6.52374640536726E-17,-1.));
#2649=DIRECTION('center_axis',(-6.93889390390788E-17,1.,-1.80411241501059E-16));
#2650=DIRECTION('ref_axis',(1.06581410364019E-13,-1.80411241501051E-16,
-1.));
#2651=DIRECTION('',(-1.,-6.93889390390977E-17,-8.3007328943937E-16));
#2652=DIRECTION('center_axis',(-2.77555756156289E-16,1.,1.53585112271518E-28));
#2653=DIRECTION('ref_axis',(-1.,-2.77555756156289E-16,-1.3684555315672E-47));
#2654=DIRECTION('center_axis',(-1.50530108472392E-47,1.,4.93038065763132E-32));
#2655=DIRECTION('ref_axis',(-1.,-1.50530108472392E-47,0.));
#2656=DIRECTION('center_axis',(-1.50530108472392E-47,1.,4.93038065763132E-32));
#2657=DIRECTION('ref_axis',(-1.,-1.50530108472392E-47,0.));
#2658=DIRECTION('center_axis',(-1.50530108472392E-47,1.,4.93038065763132E-32));
#2659=DIRECTION('ref_axis',(-1.,-1.50530108472392E-47,0.));
#2660=DIRECTION('center_axis',(-1.50530108472392E-47,1.,4.93038065763132E-32));
#2661=DIRECTION('ref_axis',(-1.,-1.50530108472392E-47,0.));
#2662=DIRECTION('center_axis',(-1.50530108472392E-47,1.,4.93038065763132E-32));
#2663=DIRECTION('ref_axis',(-1.,-1.50530108472392E-47,0.));
#2664=DIRECTION('center_axis',(-1.50530108472392E-47,1.,4.93038065763132E-32));
#2665=DIRECTION('ref_axis',(-1.,-1.50530108472392E-47,0.));
#2666=DIRECTION('center_axis',(-1.50530108472392E-47,1.,4.93038065763132E-32));
#2667=DIRECTION('ref_axis',(-1.,-1.50530108472392E-47,0.));
#2668=DIRECTION('center_axis',(1.72857540829541E-47,-1.,-4.93038065763132E-32));
#2669=DIRECTION('ref_axis',(-1.,-1.72857540829541E-47,-8.52253475831686E-79));
#2670=DIRECTION('center_axis',(1.72857540829541E-47,-1.,-4.93038065763132E-32));
#2671=DIRECTION('ref_axis',(-1.,-1.72857540829541E-47,-8.52253475831686E-79));
#2672=DIRECTION('center_axis',(1.72857540829541E-47,-1.,-4.93038065763132E-32));
#2673=DIRECTION('ref_axis',(-1.,-1.72857540829541E-47,-8.52253475831687E-79));
#2674=DIRECTION('center_axis',(1.72857540829541E-47,-1.,-4.93038065763132E-32));
#2675=DIRECTION('ref_axis',(-1.,-1.72857540829541E-47,-8.52253475831686E-79));
#2676=DIRECTION('center_axis',(1.72857540829541E-47,-1.,-4.93038065763132E-32));
#2677=DIRECTION('ref_axis',(-1.,-1.72857540829541E-47,-8.52253475831687E-79));
#2678=DIRECTION('center_axis',(0.,-1.,0.));
#2679=DIRECTION('ref_axis',(-0.707106781186555,2.09178335810524E-32,-0.70710678118654));
#2680=DIRECTION('',(6.28036983473505E-15,0.707106781186551,0.707106781186544));
#2681=DIRECTION('center_axis',(-1.72857540829541E-47,1.,4.93038065763132E-32));
#2682=DIRECTION('ref_axis',(-0.707106781186555,0.,-0.70710678118654));
#2683=DIRECTION('',(-0.707106781186543,-0.707106781186552,6.28036983473505E-15));
#2684=DIRECTION('center_axis',(7.15962161159806E-15,-0.707106781186543,
0.707106781186552));
#2685=DIRECTION('ref_axis',(1.,0.,-1.01252339845814E-14));
#2686=DIRECTION('',(7.2616776214124E-15,0.707106781186552,0.707106781186543));
#2687=DIRECTION('',(-1.,-5.16498331998669E-46,1.01252339845814E-14));
#2688=DIRECTION('center_axis',(0.,-1.,0.));
#2689=DIRECTION('ref_axis',(0.70710678118654,2.09178335810528E-32,-0.707106781186554));
#2690=DIRECTION('',(-0.707106781186543,0.707106781186552,6.28036983473505E-15));
#2691=DIRECTION('center_axis',(-1.72857540829541E-47,1.,4.93038065763132E-32));
#2692=DIRECTION('ref_axis',(0.707106781186541,0.,-0.707106781186555));
#2693=DIRECTION('center_axis',(-0.707106781186552,-0.707106781186543,7.13285395602491E-15));
#2694=DIRECTION('ref_axis',(1.00873788030369E-14,0.,1.));
#2695=DIRECTION('',(-0.707106781186543,0.707106781186552,7.06541606407694E-15));
#2696=DIRECTION('',(-1.00873788030369E-14,4.93038065763132E-32,-1.));
#2697=DIRECTION('center_axis',(0.,-1.,0.));
#2698=DIRECTION('ref_axis',(0.707106781186554,-2.09178335810524E-32,0.707106781186541));
#2699=DIRECTION('',(-6.672892949406E-15,0.707106781186553,-0.707106781186542));
#2700=DIRECTION('center_axis',(-1.72857540829541E-47,1.,4.93038065763132E-32));
#2701=DIRECTION('ref_axis',(0.707106781186554,0.,0.707106781186541));
#2702=DIRECTION('center_axis',(-6.97121051655601E-15,-0.707106781186542,
-0.707106781186553));
#2703=DIRECTION('ref_axis',(-1.,0.,9.85878045867138E-15));
#2704=DIRECTION('',(-7.06541606407694E-15,0.707106781186553,-0.707106781186542));
#2705=DIRECTION('',(1.,5.03361158895624E-46,-9.85878045867138E-15));
#2706=DIRECTION('center_axis',(0.,-1.,0.));
#2707=DIRECTION('ref_axis',(-0.70710678118654,-2.09178335810528E-32,0.707106781186555));
#2708=DIRECTION('',(0.707106781186543,0.707106781186552,-7.06541606407693E-15));
#2709=DIRECTION('center_axis',(-1.72857540829541E-47,1.,4.93038065763132E-32));
#2710=DIRECTION('ref_axis',(-0.70710678118654,0.,0.707106781186555));
#2711=DIRECTION('center_axis',(0.707106781186552,-0.707106781186543,-7.05504100377736E-15));
#2712=DIRECTION('ref_axis',(-9.97733467064018E-15,0.,-1.));
#2713=DIRECTION('',(9.97733467064018E-15,-4.93038065763132E-32,1.));
#2714=DIRECTION('center_axis',(-9.85878045867138E-15,0.,-1.));
#2715=DIRECTION('ref_axis',(1.,-9.78570861124347E-18,-9.85878045867138E-15));
#2716=DIRECTION('',(0.,-1.,0.));
#2717=DIRECTION('',(1.,-9.78570861124347E-18,-9.85878045867138E-15));
#2718=DIRECTION('',(0.,1.,0.));
#2719=DIRECTION('center_axis',(0.,-1.,0.));
#2720=DIRECTION('ref_axis',(-0.70710678118654,0.,0.707106781186555));
#2721=DIRECTION('',(0.,1.,0.));
#2722=DIRECTION('center_axis',(-1.72857540829541E-47,1.,4.93038065763132E-32));
#2723=DIRECTION('ref_axis',(-0.70710678118654,0.,0.707106781186555));
#2724=DIRECTION('center_axis',(1.,0.,-9.97733467064018E-15));
#2725=DIRECTION('ref_axis',(9.97733467064018E-15,-4.51939410235006E-17,
1.));
#2726=DIRECTION('',(0.,-1.,0.));
#2727=DIRECTION('',(9.97733467064018E-15,-4.51939410235006E-17,1.));
#2728=DIRECTION('center_axis',(0.,-1.,0.));
#2729=DIRECTION('ref_axis',(-0.707106781186555,0.,-0.70710678118654));
#2730=DIRECTION('',(0.,1.,0.));
#2731=DIRECTION('center_axis',(-1.72857540829541E-47,1.,4.93038065763132E-32));
#2732=DIRECTION('ref_axis',(-0.707106781186555,0.,-0.70710678118654));
#2733=DIRECTION('center_axis',(0.,-1.,0.));
#2734=DIRECTION('ref_axis',(0.707106781186554,0.,0.707106781186541));
#2735=DIRECTION('center_axis',(-1.72857540829541E-47,1.,4.93038065763132E-32));
#2736=DIRECTION('ref_axis',(0.707106781186554,0.,0.707106781186541));
#2737=DIRECTION('',(0.,-1.,0.));
#2738=DIRECTION('center_axis',(-1.,0.,1.00873788030369E-14));
#2739=DIRECTION('ref_axis',(-1.00873788030369E-14,5.90140210305296E-17,
-1.));
#2740=DIRECTION('',(-1.00873788030369E-14,5.90140210305296E-17,-1.));
#2741=DIRECTION('',(0.,1.,0.));
#2742=DIRECTION('center_axis',(0.,-1.,0.));
#2743=DIRECTION('ref_axis',(0.707106781186541,0.,-0.707106781186555));
#2744=DIRECTION('center_axis',(-1.72857540829541E-47,1.,4.93038065763132E-32));
#2745=DIRECTION('ref_axis',(0.707106781186541,0.,-0.707106781186555));
#2746=DIRECTION('',(0.,-1.,0.));
#2747=DIRECTION('center_axis',(1.01252339845814E-14,0.,1.));
#2748=DIRECTION('ref_axis',(-1.,-1.53115566815211E-17,1.01252339845814E-14));
#2749=DIRECTION('',(-1.,-1.53115566815211E-17,1.01252339845814E-14));
#2750=DIRECTION('center_axis',(0.,-1.,0.));
#2751=DIRECTION('ref_axis',(-1.,-1.15238360553028E-47,-5.68168983887791E-79));
#2752=DIRECTION('',(-0.707106781186551,0.707106781186544,-8.65956056235497E-17));
#2753=DIRECTION('center_axis',(-1.72857540829541E-47,1.,4.93038065763132E-32));
#2754=DIRECTION('ref_axis',(-1.,0.,-2.42784529010423E-157));
#2755=DIRECTION('center_axis',(0.,-1.,0.));
#2756=DIRECTION('ref_axis',(-1.,0.,-2.42784529010423E-157));
#2757=DIRECTION('',(0.,1.,0.));
#2758=DIRECTION('center_axis',(-1.50530108472392E-47,1.,4.93038065763132E-32));
#2759=DIRECTION('ref_axis',(-1.,-1.50530108472392E-47,-2.42784529010423E-157));
#2760=DIRECTION('center_axis',(0.,-1.,0.));
#2761=DIRECTION('ref_axis',(-1.,-1.15238360553028E-47,-5.68168983887791E-79));
#2762=DIRECTION('',(-0.707106781186552,0.707106781186543,-8.65956056235498E-17));
#2763=DIRECTION('center_axis',(-1.72857540829541E-47,1.,4.93038065763132E-32));
#2764=DIRECTION('ref_axis',(-1.,0.,-2.42784529010422E-157));
#2765=DIRECTION('center_axis',(0.,-1.,0.));
#2766=DIRECTION('ref_axis',(-1.,0.,-2.42784529010422E-157));
#2767=DIRECTION('',(0.,1.,0.));
#2768=DIRECTION('center_axis',(-1.50530108472392E-47,1.,4.93038065763132E-32));
#2769=DIRECTION('ref_axis',(-1.,-1.50530108472392E-47,-2.42784529010422E-157));
#2770=DIRECTION('center_axis',(0.,-1.,0.));
#2771=DIRECTION('ref_axis',(-1.,-1.15238360553028E-47,-5.68168983887791E-79));
#2772=DIRECTION('',(-0.707106781186552,0.707106781186543,-8.65956056235498E-17));
#2773=DIRECTION('center_axis',(-1.72857540829541E-47,1.,4.93038065763132E-32));
#2774=DIRECTION('ref_axis',(-1.,0.,-2.42784529010422E-157));
#2775=DIRECTION('center_axis',(0.,-1.,0.));
#2776=DIRECTION('ref_axis',(-1.,0.,-2.42784529010422E-157));
#2777=DIRECTION('',(0.,1.,0.));
#2778=DIRECTION('center_axis',(-1.50530108472392E-47,1.,4.93038065763132E-32));
#2779=DIRECTION('ref_axis',(-1.,-1.50530108472392E-47,-2.42784529010422E-157));
#2780=DIRECTION('center_axis',(0.,-1.,0.));
#2781=DIRECTION('ref_axis',(-1.,-1.15238360553028E-47,-5.68168983887791E-79));
#2782=DIRECTION('',(-0.707106781186551,0.707106781186544,-8.65956056235497E-17));
#2783=DIRECTION('center_axis',(-1.72857540829541E-47,1.,4.93038065763132E-32));
#2784=DIRECTION('ref_axis',(-1.,0.,0.));
#2785=DIRECTION('center_axis',(0.,-1.,0.));
#2786=DIRECTION('ref_axis',(-1.,0.,0.));
#2787=DIRECTION('',(0.,1.,0.));
#2788=DIRECTION('center_axis',(-1.50530108472392E-47,1.,4.93038065763132E-32));
#2789=DIRECTION('ref_axis',(-1.,-1.50530108472392E-47,0.));
#2790=DIRECTION('center_axis',(0.,-1.,0.));
#2791=DIRECTION('ref_axis',(-1.,-1.15238360553027E-47,-5.68168983887791E-79));
#2792=DIRECTION('',(-0.707106781186551,0.707106781186544,-8.65956056235497E-17));
#2793=DIRECTION('center_axis',(-1.72857540829541E-47,1.,4.93038065763132E-32));
#2794=DIRECTION('ref_axis',(-1.,0.,0.));
#2795=DIRECTION('center_axis',(0.,-1.,0.));
#2796=DIRECTION('ref_axis',(-1.,0.,0.));
#2797=DIRECTION('',(0.,1.,0.));
#2798=DIRECTION('center_axis',(-1.50530108472392E-47,1.,4.93038065763132E-32));
#2799=DIRECTION('ref_axis',(-1.,-1.50530108472392E-47,0.));
#2800=DIRECTION('center_axis',(0.,-1.,0.));
#2801=DIRECTION('ref_axis',(-1.,-1.15238360553028E-47,-5.68168983887791E-79));
#2802=DIRECTION('',(-0.707106781186551,0.707106781186544,-8.65956056235497E-17));
#2803=DIRECTION('center_axis',(-1.72857540829541E-47,1.,4.93038065763132E-32));
#2804=DIRECTION('ref_axis',(-1.,0.,-2.42784529010423E-157));
#2805=DIRECTION('center_axis',(0.,-1.,0.));
#2806=DIRECTION('ref_axis',(-1.,0.,-2.42784529010423E-157));
#2807=DIRECTION('',(0.,1.,0.));
#2808=DIRECTION('center_axis',(-1.50530108472392E-47,1.,4.93038065763132E-32));
#2809=DIRECTION('ref_axis',(-1.,-1.50530108472392E-47,-2.42784529010423E-157));
#2810=DIRECTION('center_axis',(0.,-1.,0.));
#2811=DIRECTION('ref_axis',(-1.,-1.15238360553028E-47,-5.68168983887791E-79));
#2812=DIRECTION('',(-0.707106781186552,0.707106781186543,-8.65956056235498E-17));
#2813=DIRECTION('center_axis',(-1.72857540829541E-47,1.,4.93038065763132E-32));
#2814=DIRECTION('ref_axis',(-1.,0.,-2.42784529010422E-157));
#2815=DIRECTION('center_axis',(0.,-1.,0.));
#2816=DIRECTION('ref_axis',(-1.,0.,-2.42784529010422E-157));
#2817=DIRECTION('',(0.,1.,0.));
#2818=DIRECTION('center_axis',(-1.50530108472392E-47,1.,4.93038065763132E-32));
#2819=DIRECTION('ref_axis',(-1.,-1.50530108472392E-47,-2.42784529010422E-157));
#2820=DIRECTION('center_axis',(0.,-1.,0.));
#2821=DIRECTION('ref_axis',(-1.,-1.15238360553028E-47,-5.68168983887791E-79));
#2822=DIRECTION('',(-0.707106781186552,0.707106781186543,-8.65956056235498E-17));
#2823=DIRECTION('center_axis',(-1.72857540829541E-47,1.,4.93038065763132E-32));
#2824=DIRECTION('ref_axis',(-1.,0.,0.));
#2825=DIRECTION('center_axis',(0.,-1.,0.));
#2826=DIRECTION('ref_axis',(-1.,0.,0.));
#2827=DIRECTION('',(0.,1.,0.));
#2828=DIRECTION('center_axis',(-1.50530108472392E-47,1.,4.93038065763132E-32));
#2829=DIRECTION('ref_axis',(-1.,-1.50530108472392E-47,0.));
#2830=DIRECTION('center_axis',(0.,-1.,0.));
#2831=DIRECTION('ref_axis',(-1.,-1.15238360553028E-47,-5.68168983887791E-79));
#2832=DIRECTION('',(-0.707106781186552,0.707106781186543,-8.65956056235498E-17));
#2833=DIRECTION('center_axis',(-1.72857540829541E-47,1.,4.93038065763132E-32));
#2834=DIRECTION('ref_axis',(-1.,0.,-2.42784529010422E-157));
#2835=DIRECTION('center_axis',(0.,-1.,0.));
#2836=DIRECTION('ref_axis',(-1.,0.,-2.42784529010422E-157));
#2837=DIRECTION('',(0.,1.,0.));
#2838=DIRECTION('center_axis',(-1.50530108472392E-47,1.,4.93038065763132E-32));
#2839=DIRECTION('ref_axis',(-1.,-1.50530108472392E-47,-2.42784529010422E-157));
#2840=DIRECTION('center_axis',(0.,-1.,0.));
#2841=DIRECTION('ref_axis',(-1.,-1.15238360553028E-47,-5.68168983887791E-79));
#2842=DIRECTION('',(-0.707106781186552,0.707106781186543,-8.65956056235498E-17));
#2843=DIRECTION('center_axis',(-1.72857540829541E-47,1.,4.93038065763132E-32));
#2844=DIRECTION('ref_axis',(-1.,0.,0.));
#2845=DIRECTION('center_axis',(0.,-1.,0.));
#2846=DIRECTION('ref_axis',(-1.,0.,0.));
#2847=DIRECTION('',(0.,1.,0.));
#2848=DIRECTION('center_axis',(-1.50530108472392E-47,1.,4.93038065763132E-32));
#2849=DIRECTION('ref_axis',(-1.,-1.50530108472392E-47,0.));
#2850=DIRECTION('center_axis',(0.,-1.,0.));
#2851=DIRECTION('ref_axis',(0.707106781186547,0.,0.707106781186547));
#2852=DIRECTION('',(0.,1.,0.));
#2853=DIRECTION('center_axis',(1.72857540829541E-47,-1.,-4.93038065763132E-32));
#2854=DIRECTION('ref_axis',(0.707106781186547,0.,0.707106781186547));
#2855=DIRECTION('',(0.,-1.,0.));
#2856=DIRECTION('center_axis',(-4.09029535388215E-16,0.,1.));
#2857=DIRECTION('ref_axis',(-1.,2.88095901382568E-48,-4.09029535388215E-16));
#2858=DIRECTION('',(1.,-2.88095901382568E-48,4.09029535388215E-16));
#2859=DIRECTION('',(0.,1.,0.));
#2860=DIRECTION('center_axis',(1.72857540829541E-47,-1.,-4.93038065763132E-32));
#2861=DIRECTION('ref_axis',(-1.,-1.72857540829541E-47,-1.10082740628259E-79));
#2862=DIRECTION('',(1.36642833800019E-16,4.93038065763132E-32,-1.));
#2863=DIRECTION('center_axis',(1.72857540829541E-47,-1.,-4.93038065763132E-32));
#2864=DIRECTION('ref_axis',(0.707106781186547,0.,-0.707106781186547));
#2865=DIRECTION('',(-1.,-6.4821577811078E-49,-2.92163953848725E-16));
#2866=DIRECTION('center_axis',(1.72857540829541E-47,-1.,-4.93038065763132E-32));
#2867=DIRECTION('ref_axis',(-0.707106781186547,0.,-0.707106781186547));
#2868=DIRECTION('',(-5.46571335200077E-16,-4.93038065763132E-32,1.));
#2869=DIRECTION('center_axis',(1.72857540829541E-47,-1.,-4.93038065763132E-32));
#2870=DIRECTION('ref_axis',(-0.707106781186549,0.,0.707106781186546));
#2871=DIRECTION('center_axis',(-1.50530108472392E-47,1.,4.93038065763132E-32));
#2872=DIRECTION('ref_axis',(-1.,-1.50530108472392E-47,0.));
#2873=DIRECTION('center_axis',(-1.50530108472392E-47,1.,4.93038065763132E-32));
#2874=DIRECTION('ref_axis',(-1.,-1.50530108472392E-47,0.));
#2875=DIRECTION('center_axis',(-1.50530108472392E-47,1.,4.93038065763132E-32));
#2876=DIRECTION('ref_axis',(-1.,-1.50530108472392E-47,0.));
#2877=DIRECTION('center_axis',(-1.50530108472392E-47,1.,4.93038065763132E-32));
#2878=DIRECTION('ref_axis',(-1.,-1.50530108472392E-47,0.));
#2879=DIRECTION('center_axis',(-1.50530108472392E-47,1.,4.93038065763132E-32));
#2880=DIRECTION('ref_axis',(-1.,-1.50530108472392E-47,0.));
#2881=DIRECTION('center_axis',(-1.50530108472392E-47,1.,4.93038065763132E-32));
#2882=DIRECTION('ref_axis',(-1.,-1.50530108472392E-47,0.));
#2883=DIRECTION('center_axis',(-1.50530108472392E-47,1.,4.93038065763132E-32));
#2884=DIRECTION('ref_axis',(-1.,-1.50530108472392E-47,0.));
#2885=DIRECTION('center_axis',(-1.50530108472392E-47,1.,4.93038065763132E-32));
#2886=DIRECTION('ref_axis',(-1.,-1.50530108472392E-47,0.));
#2887=DIRECTION('center_axis',(-1.50530108472392E-47,1.,4.93038065763132E-32));
#2888=DIRECTION('ref_axis',(-1.,-1.50530108472392E-47,0.));
#2889=DIRECTION('center_axis',(-1.50530108472392E-47,1.,4.93038065763132E-32));
#2890=DIRECTION('ref_axis',(-1.,-1.50530108472392E-47,0.));
#2891=DIRECTION('center_axis',(-1.50530108472392E-47,1.,4.93038065763132E-32));
#2892=DIRECTION('ref_axis',(-1.,-1.50530108472392E-47,0.));
#2893=DIRECTION('',(-1.,-1.70247216117092E-15,1.70247216117092E-15));
#2894=DIRECTION('center_axis',(6.9726111936843E-32,1.,-4.93038065763132E-32));
#2895=DIRECTION('ref_axis',(7.10542735760103E-15,-4.93038065763137E-32,
-1.));
#2896=DIRECTION('',(-3.47487644640113E-16,3.96590869800078E-32,-1.));
#2897=DIRECTION('center_axis',(-2.72322650781874E-46,1.,-1.4791141972894E-31));
#2898=DIRECTION('ref_axis',(1.,1.45056286346124E-46,-8.60422844084496E-16));
#2899=DIRECTION('center_axis',(-1.50530108472392E-47,1.,4.93038065763132E-32));
#2900=DIRECTION('ref_axis',(-1.,-1.50530108472392E-47,0.));
#2901=DIRECTION('center_axis',(-1.50530108472392E-47,1.,4.93038065763132E-32));
#2902=DIRECTION('ref_axis',(-1.,-1.50530108472392E-47,0.));
#2903=DIRECTION('center_axis',(-1.50530108472392E-47,1.,4.93038065763132E-32));
#2904=DIRECTION('ref_axis',(-1.,-1.50530108472392E-47,0.));
#2905=DIRECTION('center_axis',(-1.50530108472392E-47,1.,4.93038065763132E-32));
#2906=DIRECTION('ref_axis',(-1.,-1.50530108472392E-47,0.));
#2907=DIRECTION('center_axis',(-1.50530108472392E-47,1.,4.93038065763132E-32));
#2908=DIRECTION('ref_axis',(-1.,-1.50530108472392E-47,0.));
#2909=DIRECTION('center_axis',(-1.50530108472392E-47,1.,4.93038065763132E-32));
#2910=DIRECTION('ref_axis',(-1.,-1.50530108472392E-47,0.));
#2911=DIRECTION('center_axis',(-1.50530108472392E-47,1.,4.93038065763132E-32));
#2912=DIRECTION('ref_axis',(-1.,-1.50530108472392E-47,0.));
#2913=DIRECTION('center_axis',(-1.50530108472392E-47,1.,4.93038065763132E-32));
#2914=DIRECTION('ref_axis',(-1.,-1.50530108472392E-47,0.));
#2915=DIRECTION('center_axis',(-1.50530108472392E-47,1.,4.93038065763132E-32));
#2916=DIRECTION('ref_axis',(-1.,-1.50530108472392E-47,0.));
#2917=DIRECTION('center_axis',(-1.50530108472392E-47,1.,4.93038065763132E-32));
#2918=DIRECTION('ref_axis',(-1.,-1.50530108472392E-47,0.));
#2919=DIRECTION('center_axis',(-4.93038065763132E-32,1.,9.7144514654709E-17));
#2920=DIRECTION('ref_axis',(-1.,-3.52170046965636E-32,-1.73633238775648E-63));
#2921=DIRECTION('center_axis',(-1.50530108472392E-47,1.,4.93038065763132E-32));
#2922=DIRECTION('ref_axis',(-1.,-1.50530108472392E-47,0.));
#2923=DIRECTION('center_axis',(-1.50530108472392E-47,1.,4.93038065763132E-32));
#2924=DIRECTION('ref_axis',(-1.,-1.50530108472392E-47,0.));
#2925=DIRECTION('center_axis',(-1.50530108472392E-47,1.,4.93038065763132E-32));
#2926=DIRECTION('ref_axis',(-1.,-1.50530108472392E-47,0.));
#2927=DIRECTION('center_axis',(-1.50530108472392E-47,1.,4.93038065763132E-32));
#2928=DIRECTION('ref_axis',(-1.,-1.50530108472392E-47,0.));
#2929=DIRECTION('center_axis',(-1.50530108472392E-47,1.,4.93038065763132E-32));
#2930=DIRECTION('ref_axis',(-1.,-1.50530108472392E-47,0.));
#2931=DIRECTION('center_axis',(-1.50530108472392E-47,1.,4.93038065763132E-32));
#2932=DIRECTION('ref_axis',(-1.,-1.50530108472392E-47,0.));
#2933=DIRECTION('center_axis',(-1.50530108472392E-47,1.,4.93038065763132E-32));
#2934=DIRECTION('ref_axis',(-1.,-1.50530108472392E-47,0.));
#2935=DIRECTION('center_axis',(-1.50530108472392E-47,1.,4.93038065763132E-32));
#2936=DIRECTION('ref_axis',(-1.,-1.50530108472392E-47,0.));
#2937=DIRECTION('center_axis',(-1.50530108472392E-47,1.,4.93038065763132E-32));
#2938=DIRECTION('ref_axis',(-1.,-1.50530108472392E-47,0.));
#2939=DIRECTION('center_axis',(-1.50530108472392E-47,1.,4.93038065763132E-32));
#2940=DIRECTION('ref_axis',(-1.,-1.50530108472392E-47,0.));
#2941=DIRECTION('center_axis',(-1.50530108472392E-47,1.,4.93038065763132E-32));
#2942=DIRECTION('ref_axis',(-1.,-1.50530108472392E-47,0.));
#2943=DIRECTION('',(-1.11802593826141E-15,-1.16461035235727E-16,1.));
#2944=DIRECTION('center_axis',(-2.77555756156289E-16,1.,1.53585112271518E-28));
#2945=DIRECTION('ref_axis',(-1.,-2.77555756156289E-16,-1.3684555315672E-47));
#2946=DIRECTION('',(-1.,-6.93889390390977E-17,-8.3007328943937E-16));
#2947=DIRECTION('center_axis',(-6.93889390390788E-17,1.,-1.80411241501059E-16));
#2948=DIRECTION('ref_axis',(1.06581410364019E-13,-1.80411241501051E-16,
-1.));
#2949=DIRECTION('',(1.5182537088891E-15,-6.52374640536726E-17,-1.));
#2950=DIRECTION('center_axis',(-2.77555756154463E-16,1.,1.44939622478408E-28));
#2951=DIRECTION('ref_axis',(1.,2.77555756154463E-16,3.99680288865015E-14));
#2952=DIRECTION('',(1.,6.93889390390977E-17,8.3007328943937E-16));
#2953=DIRECTION('center_axis',(-6.93889390390997E-17,1.,2.77555756156289E-16));
#2954=DIRECTION('ref_axis',(-2.22044604925031E-15,-2.77555756156289E-16,
1.));
#2955=DIRECTION('center_axis',(-1.50530108472392E-47,1.,4.93038065763132E-32));
#2956=DIRECTION('ref_axis',(-1.,-1.50530108472392E-47,0.));
#2957=DIRECTION('center_axis',(-1.50530108472392E-47,1.,4.93038065763132E-32));
#2958=DIRECTION('ref_axis',(-1.,-1.50530108472392E-47,0.));
#2959=DIRECTION('center_axis',(-1.50530108472392E-47,1.,4.93038065763132E-32));
#2960=DIRECTION('ref_axis',(-1.,-1.50530108472392E-47,0.));
#2961=DIRECTION('center_axis',(-1.50530108472392E-47,1.,4.93038065763132E-32));
#2962=DIRECTION('ref_axis',(-1.,-1.50530108472392E-47,0.));
#2963=DIRECTION('center_axis',(-1.50530108472392E-47,1.,4.93038065763132E-32));
#2964=DIRECTION('ref_axis',(-1.,-1.50530108472392E-47,0.));
#2965=DIRECTION('center_axis',(-1.50530108472392E-47,1.,4.93038065763132E-32));
#2966=DIRECTION('ref_axis',(-1.,-1.50530108472392E-47,0.));
#2967=DIRECTION('center_axis',(-1.50530108472392E-47,1.,4.93038065763132E-32));
#2968=DIRECTION('ref_axis',(-1.,-1.50530108472392E-47,0.));
#2969=DIRECTION('center_axis',(0.,-1.,0.));
#2970=DIRECTION('ref_axis',(0.707106781186547,0.,-0.707106781186547));
#2971=DIRECTION('',(0.,1.,0.));
#2972=DIRECTION('',(0.,-1.,0.));
#2973=DIRECTION('center_axis',(2.92163953848725E-16,0.,-1.));
#2974=DIRECTION('ref_axis',(1.,6.4821577811078E-49,2.92163953848725E-16));
#2975=DIRECTION('',(0.,-1.,0.));
#2976=DIRECTION('center_axis',(0.,-1.,0.));
#2977=DIRECTION('ref_axis',(-0.707106781186547,0.,-0.707106781186547));
#2978=DIRECTION('',(0.,1.,0.));
#2979=DIRECTION('center_axis',(0.,-1.,0.));
#2980=DIRECTION('ref_axis',(-0.707106781186549,0.,0.707106781186546));
#2981=DIRECTION('',(0.,-1.,0.));
#2982=DIRECTION('center_axis',(0.,-1.,0.));
#2983=DIRECTION('ref_axis',(-1.,0.,0.));
#2984=DIRECTION('',(0.,1.,0.));
#2985=DIRECTION('center_axis',(0.,-1.,0.));
#2986=DIRECTION('ref_axis',(-1.,0.,0.));
#2987=DIRECTION('',(0.,1.,0.));
#2988=DIRECTION('center_axis',(0.,-1.,0.));
#2989=DIRECTION('ref_axis',(-1.,0.,0.));
#2990=DIRECTION('',(0.,1.,0.));
#2991=DIRECTION('center_axis',(0.,-1.,0.));
#2992=DIRECTION('ref_axis',(-1.,0.,0.));
#2993=DIRECTION('',(0.,1.,0.));
#2994=DIRECTION('center_axis',(0.,-1.,0.));
#2995=DIRECTION('ref_axis',(-1.,0.,0.));
#2996=DIRECTION('',(0.,1.,0.));
#2997=DIRECTION('center_axis',(0.,-1.,0.));
#2998=DIRECTION('ref_axis',(-1.,0.,0.));
#2999=DIRECTION('',(0.,1.,0.));
#3000=DIRECTION('center_axis',(0.,-1.,0.));
#3001=DIRECTION('ref_axis',(-1.,0.,0.));
#3002=DIRECTION('',(0.,1.,0.));
#3003=DIRECTION('center_axis',(0.,-1.,0.));
#3004=DIRECTION('ref_axis',(-1.,0.,-1.3684555315672E-47));
#3005=DIRECTION('',(0.,-1.,0.));
#3006=DIRECTION('',(0.,-1.,0.));
#3007=DIRECTION('center_axis',(-8.3007328943937E-16,0.,1.));
#3008=DIRECTION('ref_axis',(-1.,-6.93889390390977E-17,-8.3007328943937E-16));
#3009=DIRECTION('',(0.,-1.,0.));
#3010=DIRECTION('center_axis',(0.,-1.,0.));
#3011=DIRECTION('ref_axis',(1.06581410364019E-13,0.,-1.));
#3012=DIRECTION('',(0.,-1.,0.));
#3013=DIRECTION('center_axis',(-1.,0.,-1.5182537088891E-15));
#3014=DIRECTION('ref_axis',(1.5182537088891E-15,-6.52374640536726E-17,-1.));
#3015=DIRECTION('',(0.,-1.,0.));
#3016=DIRECTION('center_axis',(0.,-1.,0.));
#3017=DIRECTION('ref_axis',(1.,0.,3.99680288865015E-14));
#3018=DIRECTION('',(0.,-1.,0.));
#3019=DIRECTION('center_axis',(8.3007328943937E-16,0.,-1.));
#3020=DIRECTION('ref_axis',(1.,6.93889390390977E-17,8.3007328943937E-16));
#3021=DIRECTION('',(0.,-1.,0.));
#3022=DIRECTION('center_axis',(0.,-1.,0.));
#3023=DIRECTION('ref_axis',(-2.22044604925031E-15,0.,1.));
#3024=DIRECTION('',(0.,-1.,0.));
#3025=DIRECTION('center_axis',(1.,0.,1.11802593826141E-15));
#3026=DIRECTION('ref_axis',(-1.11802593826141E-15,-1.16461035235727E-16,
1.));
#3027=DIRECTION('center_axis',(0.,-1.,0.));
#3028=DIRECTION('ref_axis',(-1.,0.,0.));
#3029=DIRECTION('',(0.,1.,0.));
#3030=DIRECTION('center_axis',(0.,-1.,0.));
#3031=DIRECTION('ref_axis',(-1.,0.,0.));
#3032=DIRECTION('',(0.,1.,0.));
#3033=DIRECTION('center_axis',(0.,-1.,0.));
#3034=DIRECTION('ref_axis',(-1.,0.,0.));
#3035=DIRECTION('',(0.,1.,0.));
#3036=DIRECTION('center_axis',(0.,-1.,0.));
#3037=DIRECTION('ref_axis',(-1.,0.,0.));
#3038=DIRECTION('',(0.,1.,0.));
#3039=DIRECTION('center_axis',(0.,-1.,0.));
#3040=DIRECTION('ref_axis',(-1.,0.,0.));
#3041=DIRECTION('',(0.,1.,0.));
#3042=DIRECTION('center_axis',(0.,-1.,0.));
#3043=DIRECTION('ref_axis',(-1.,0.,0.));
#3044=DIRECTION('',(0.,1.,0.));
#3045=DIRECTION('center_axis',(0.,-1.,0.));
#3046=DIRECTION('ref_axis',(-1.,0.,0.));
#3047=DIRECTION('',(0.,1.,0.));
#3048=DIRECTION('center_axis',(0.,-1.,0.));
#3049=DIRECTION('ref_axis',(-1.,0.,0.));
#3050=DIRECTION('',(0.,1.,0.));
#3051=DIRECTION('center_axis',(0.,-1.,0.));
#3052=DIRECTION('ref_axis',(-1.,0.,0.));
#3053=DIRECTION('',(0.,1.,0.));
#3054=DIRECTION('center_axis',(0.,-1.,0.));
#3055=DIRECTION('ref_axis',(-1.,0.,0.));
#3056=DIRECTION('',(0.,1.,0.));
#3057=DIRECTION('center_axis',(0.,-1.,0.));
#3058=DIRECTION('ref_axis',(-1.,0.,0.));
#3059=DIRECTION('',(0.,1.,0.));
#3060=DIRECTION('center_axis',(0.,-1.,0.));
#3061=DIRECTION('ref_axis',(-1.,0.,-1.73633238775648E-63));
#3062=DIRECTION('',(0.,1.,0.));
#3063=DIRECTION('center_axis',(0.,-1.,0.));
#3064=DIRECTION('ref_axis',(-1.,0.,0.));
#3065=DIRECTION('',(0.,1.,0.));
#3066=DIRECTION('center_axis',(0.,-1.,0.));
#3067=DIRECTION('ref_axis',(-1.,0.,0.));
#3068=DIRECTION('',(0.,1.,0.));
#3069=DIRECTION('center_axis',(0.,-1.,0.));
#3070=DIRECTION('ref_axis',(-1.,0.,0.));
#3071=DIRECTION('',(0.,1.,0.));
#3072=DIRECTION('center_axis',(0.,-1.,0.));
#3073=DIRECTION('ref_axis',(-1.,0.,0.));
#3074=DIRECTION('',(0.,1.,0.));
#3075=DIRECTION('center_axis',(0.,-1.,0.));
#3076=DIRECTION('ref_axis',(-1.,0.,0.));
#3077=DIRECTION('',(0.,1.,0.));
#3078=DIRECTION('center_axis',(0.,-1.,0.));
#3079=DIRECTION('ref_axis',(-1.,0.,0.));
#3080=DIRECTION('',(0.,1.,0.));
#3081=DIRECTION('center_axis',(0.,-1.,0.));
#3082=DIRECTION('ref_axis',(-1.,0.,0.));
#3083=DIRECTION('',(0.,1.,0.));
#3084=DIRECTION('center_axis',(0.,-1.,0.));
#3085=DIRECTION('ref_axis',(-1.,0.,0.));
#3086=DIRECTION('',(0.,1.,0.));
#3087=DIRECTION('center_axis',(0.,-1.,0.));
#3088=DIRECTION('ref_axis',(-1.,0.,0.));
#3089=DIRECTION('',(0.,1.,0.));
#3090=DIRECTION('center_axis',(0.,-1.,0.));
#3091=DIRECTION('ref_axis',(-1.,0.,0.));
#3092=DIRECTION('',(0.,1.,0.));
#3093=DIRECTION('center_axis',(1.70247216117092E-15,0.,1.));
#3094=DIRECTION('ref_axis',(-1.,-1.70247216117092E-15,1.70247216117092E-15));
#3095=DIRECTION('',(0.,-1.,0.));
#3096=DIRECTION('center_axis',(0.,-1.,0.));
#3097=DIRECTION('ref_axis',(7.10542735760103E-15,0.,-1.));
#3098=DIRECTION('',(0.,-1.,0.));
#3099=DIRECTION('center_axis',(-1.,0.,3.47487644640113E-16));
#3100=DIRECTION('ref_axis',(-3.47487644640113E-16,3.96590869800078E-32,
-1.));
#3101=DIRECTION('',(0.,-1.,0.));
#3102=DIRECTION('center_axis',(0.,-1.,0.));
#3103=DIRECTION('ref_axis',(1.,0.,-8.60422844084496E-16));
#3104=DIRECTION('center_axis',(0.,-1.,0.));
#3105=DIRECTION('ref_axis',(-1.,0.,0.));
#3106=DIRECTION('',(0.,1.,0.));
#3107=DIRECTION('center_axis',(0.,-1.,0.));
#3108=DIRECTION('ref_axis',(-1.,0.,0.));
#3109=DIRECTION('',(0.,1.,0.));
#3110=DIRECTION('center_axis',(0.,-1.,0.));
#3111=DIRECTION('ref_axis',(-1.,0.,0.));
#3112=DIRECTION('',(0.,1.,0.));
#3113=DIRECTION('center_axis',(0.,-1.,0.));
#3114=DIRECTION('ref_axis',(-1.,0.,0.));
#3115=DIRECTION('',(0.,1.,0.));
#3116=DIRECTION('center_axis',(0.,-1.,0.));
#3117=DIRECTION('ref_axis',(-1.,0.,0.));
#3118=DIRECTION('',(0.,1.,0.));
#3119=DIRECTION('center_axis',(0.,-1.,0.));
#3120=DIRECTION('ref_axis',(-1.,0.,0.));
#3121=DIRECTION('',(0.,1.,0.));
#3122=DIRECTION('center_axis',(0.,-1.,0.));
#3123=DIRECTION('ref_axis',(-1.,0.,0.));
#3124=DIRECTION('',(0.,1.,0.));
#3125=DIRECTION('center_axis',(0.,-1.,0.));
#3126=DIRECTION('ref_axis',(-1.,0.,0.));
#3127=DIRECTION('',(0.,1.,0.));
#3128=DIRECTION('center_axis',(0.,-1.,0.));
#3129=DIRECTION('ref_axis',(-1.,0.,0.));
#3130=DIRECTION('',(0.,1.,0.));
#3131=DIRECTION('center_axis',(0.,-1.,0.));
#3132=DIRECTION('ref_axis',(-1.,0.,0.));
#3133=DIRECTION('',(0.,1.,0.));
#3134=DIRECTION('center_axis',(0.,-1.,0.));
#3135=DIRECTION('ref_axis',(-1.,0.,0.));
#3136=DIRECTION('',(0.,1.,0.));
#3137=DIRECTION('center_axis',(1.,0.,1.36642833800019E-16));
#3138=DIRECTION('ref_axis',(-1.36642833800019E-16,-4.93038065763132E-32,
1.));
#3139=DIRECTION('center_axis',(-1.,0.,-5.46571335200077E-16));
#3140=DIRECTION('ref_axis',(5.46571335200077E-16,4.93038065763132E-32,-1.));
#3141=CARTESIAN_POINT('',(0.,0.,0.));
#3142=CARTESIAN_POINT('Origin',(-20.9893590416532,-216.5,-6.40646087901002));
#3143=CARTESIAN_POINT('',(-22.2393590416532,-216.,-6.40646087901002));
#3144=CARTESIAN_POINT('',(-23.2393590416532,-217.,-6.40646087901002));
#3145=CARTESIAN_POINT('',(-22.2393590416532,-216.,-6.40646087901002));
#3146=CARTESIAN_POINT('',(-20.9893590416533,-217.,-8.65646087901002));
#3147=CARTESIAN_POINT('Origin',(-20.9893590416532,-217.,-6.40646087901002));
#3148=CARTESIAN_POINT('',(-20.9893590416532,-216.,-7.65646087901002));
#3149=CARTESIAN_POINT('',(-20.9893590416533,-217.,-8.65646087901002));
#3150=CARTESIAN_POINT('Origin',(-20.9893590416532,-216.,-6.40646087901002));
#3151=CARTESIAN_POINT('Origin',(-22.7393590416532,-216.5,-3.203230439505));
#3152=CARTESIAN_POINT('',(-22.2393590416532,-216.,-0.0164608790100417));
#3153=CARTESIAN_POINT('',(-23.2393590416532,-217.,-0.0164608790100401));
#3154=CARTESIAN_POINT('',(-22.2393590416532,-216.,-0.0164608790100417));
#3155=CARTESIAN_POINT('',(-23.2393590416532,-217.,-3.203230439505));
#3156=CARTESIAN_POINT('',(-22.2393590416532,-216.,-3.203230439505));
#3157=CARTESIAN_POINT('Origin',(-20.9893590416532,-216.5,-0.0164608790100451));
#3158=CARTESIAN_POINT('',(-20.9893590416532,-216.,1.23353912098995));
#3159=CARTESIAN_POINT('',(-20.9893590416532,-217.,2.23353912098995));
#3160=CARTESIAN_POINT('',(-20.9893590416532,-216.,1.23353912098995));
#3161=CARTESIAN_POINT('Origin',(-20.9893590416532,-217.,-0.0164608790100451));
#3162=CARTESIAN_POINT('Origin',(-20.9893590416532,-216.,-0.0164608790100451));
#3163=CARTESIAN_POINT('Origin',(-10.4946795208266,-216.5,1.73353912098993));
#3164=CARTESIAN_POINT('',(-20.3372350011276,-216.,1.23353912098995));
#3165=CARTESIAN_POINT('',(-20.3372350011276,-217.,2.23353912098995));
#3166=CARTESIAN_POINT('',(-20.3372350011276,-216.,1.23353912098995));
#3167=CARTESIAN_POINT('',(-10.4946795208266,-217.,2.23353912098993));
#3168=CARTESIAN_POINT('',(-10.4946795208266,-216.,1.23353912098993));
#3169=CARTESIAN_POINT('Origin',(-20.3372350011276,-216.5,-0.0164608790100435));
#3170=CARTESIAN_POINT('',(-19.0872350011276,-216.,-0.0164608790100445));
#3171=CARTESIAN_POINT('',(-18.0872350011276,-217.,-0.0164608790100454));
#3172=CARTESIAN_POINT('',(-19.0872350011276,-216.,-0.0164608790100445));
#3173=CARTESIAN_POINT('Origin',(-20.3372350011276,-217.,-0.0164608790100435));
#3174=CARTESIAN_POINT('Origin',(-20.3372350011276,-216.,-0.0164608790100435));
#3175=CARTESIAN_POINT('Origin',(-18.5872350011276,-216.5,-0.00823043950502356));
#3176=CARTESIAN_POINT('',(-19.0872350011276,-216.,-6.40646087901003));
#3177=CARTESIAN_POINT('',(-18.0872350011276,-217.,-6.40646087901003));
#3178=CARTESIAN_POINT('',(-19.0872350011276,-216.,-6.40646087901003));
#3179=CARTESIAN_POINT('',(-18.0872350011276,-217.,-0.00823043950502374));
#3180=CARTESIAN_POINT('',(-19.0872350011276,-216.,-0.00823043950502339));
#3181=CARTESIAN_POINT('Origin',(-20.3372350011276,-216.5,-6.40646087901003));
#3182=CARTESIAN_POINT('',(-20.3372350011276,-216.,-7.65646087901002));
#3183=CARTESIAN_POINT('',(-20.3372350011276,-217.,-8.65646087901002));
#3184=CARTESIAN_POINT('',(-20.3372350011276,-216.,-7.65646087901002));
#3185=CARTESIAN_POINT('Origin',(-20.3372350011276,-217.,-6.40646087901003));
#3186=CARTESIAN_POINT('Origin',(-20.3372350011276,-216.,-6.40646087901003));
#3187=CARTESIAN_POINT('Origin',(-10.1686175005638,-216.5,-8.15646087901004));
#3188=CARTESIAN_POINT('',(-10.1686175005638,-217.,-8.65646087901004));
#3189=CARTESIAN_POINT('',(-10.1686175005638,-216.,-7.65646087901004));
#3190=CARTESIAN_POINT('Origin',(-20.9893590416532,-215.,1.23353912098995));
#3191=CARTESIAN_POINT('',(-20.9893590416532,-215.,1.23353912098995));
#3192=CARTESIAN_POINT('',(-20.9893590416532,-215.,1.23353912098995));
#3193=CARTESIAN_POINT('',(-20.3372350011276,-215.,1.23353912098995));
#3194=CARTESIAN_POINT('',(-20.9893590416532,-215.,1.23353912098995));
#3195=CARTESIAN_POINT('',(-20.3372350011276,-215.,1.23353912098995));
#3196=CARTESIAN_POINT('Origin',(-20.9893590416532,-215.,-0.0164608790100451));
#3197=CARTESIAN_POINT('',(-22.2393590416532,-215.,-0.0164608790100417));
#3198=CARTESIAN_POINT('',(-22.2393590416532,-215.,-0.0164608790100417));
#3199=CARTESIAN_POINT('Origin',(-20.9893590416532,-215.,-0.0164608790100451));
#3200=CARTESIAN_POINT('Origin',(-22.2393590416532,-215.,-6.40646087901002));
#3201=CARTESIAN_POINT('',(-22.2393590416532,-215.,-6.40646087901002));
#3202=CARTESIAN_POINT('',(-22.2393590416532,-215.,-6.40646087901002));
#3203=CARTESIAN_POINT('',(-22.2393590416532,-215.,-6.40646087901002));
#3204=CARTESIAN_POINT('Origin',(-20.9893590416532,-215.,-6.40646087901002));
#3205=CARTESIAN_POINT('',(-20.9893590416532,-215.,-7.65646087901002));
#3206=CARTESIAN_POINT('',(-20.9893590416532,-215.,-7.65646087901002));
#3207=CARTESIAN_POINT('Origin',(-20.9893590416532,-215.,-6.40646087901002));
#3208=CARTESIAN_POINT('Origin',(4.44089209850063E-14,-217.,-8.88178419700126E-15));
#3209=CARTESIAN_POINT('',(71.0000000000001,-217.,65.0000000000001));
#3210=CARTESIAN_POINT('',(76.0000000000001,-217.,60.0000000000001));
#3211=CARTESIAN_POINT('Origin',(71.0000000000001,-217.,60.0000000000001));
#3212=CARTESIAN_POINT('',(-71.0000000000001,-217.,65.));
#3213=CARTESIAN_POINT('',(-76.0000000000001,-217.,65.));
#3214=CARTESIAN_POINT('',(-76.0000000000001,-217.,60.));
#3215=CARTESIAN_POINT('Origin',(-71.0000000000001,-217.,60.));
#3216=CARTESIAN_POINT('',(-76.,-217.,-60.0000000000001));
#3217=CARTESIAN_POINT('',(-76.,-217.,-65.0000000000001));
#3218=CARTESIAN_POINT('',(-71.,-217.,-65.0000000000001));
#3219=CARTESIAN_POINT('Origin',(-71.,-217.,-60.0000000000001));
#3220=CARTESIAN_POINT('',(71.0000000000001,-217.,-65.));
#3221=CARTESIAN_POINT('',(76.0000000000001,-217.,-65.));
#3222=CARTESIAN_POINT('',(76.0000000000001,-217.,-60.));
#3223=CARTESIAN_POINT('Origin',(71.0000000000001,-217.,-60.));
#3224=CARTESIAN_POINT('',(76.0000000000001,-217.,65.0000000000001));
#3225=CARTESIAN_POINT('',(-12.5544564125955,-217.,-12.5422200485316));
#3226=CARTESIAN_POINT('',(-9.5544564125955,-217.,-15.5422200485316));
#3227=CARTESIAN_POINT('Origin',(-9.55445641259548,-217.,-12.5422200485316));
#3228=CARTESIAN_POINT('',(-12.5544564125953,-217.,6.15777995146838));
#3229=CARTESIAN_POINT('',(-12.5544564125954,-217.,-7.27111002426575));
#3230=CARTESIAN_POINT('',(-9.55445641259526,-217.,9.15777995146835));
#3231=CARTESIAN_POINT('Origin',(-9.55445641259529,-217.,6.15777995146835));
#3232=CARTESIAN_POINT('',(-1.05445641259524,-217.,9.15777995146827));
#3233=CARTESIAN_POINT('',(-5.77722820629756,-217.,9.15777995146831));
#3234=CARTESIAN_POINT('',(1.94554358740473,-217.,6.15777995146824));
#3235=CARTESIAN_POINT('Origin',(-1.05445641259527,-217.,6.15777995146827));
#3236=CARTESIAN_POINT('',(1.94554358740454,-217.,-12.5422200485318));
#3237=CARTESIAN_POINT('',(1.94554358740471,-217.,4.07888997573411));
#3238=CARTESIAN_POINT('',(-1.05445641259549,-217.,-15.5422200485317));
#3239=CARTESIAN_POINT('Origin',(-1.05445641259546,-217.,-12.5422200485317));
#3240=CARTESIAN_POINT('',(0.472771793702196,-217.,-15.5422200485317));
#3241=CARTESIAN_POINT('',(74.0000000000001,-217.,60.));
#3242=CARTESIAN_POINT('Origin',(71.0000000000001,-217.,60.));
#3243=CARTESIAN_POINT('',(25.1394958353097,-217.,-15.1854433149784));
#3244=CARTESIAN_POINT('Origin',(22.1394958353097,-217.,-15.1854433149784));
#3245=CARTESIAN_POINT('',(3.00000000000006,-217.,-60.));
#3246=CARTESIAN_POINT('Origin',(6.27276008913213E-14,-217.,-60.));
#3247=CARTESIAN_POINT('',(-66.4153936744681,-217.,-49.5739370919658));
#3248=CARTESIAN_POINT('Origin',(-69.4153936744681,-217.,-49.5739370919658));
#3249=CARTESIAN_POINT('',(-66.4276872990484,-217.,7.03960113511023));
#3250=CARTESIAN_POINT('Origin',(-69.4276872990484,-217.,7.03960113511023));
#3251=CARTESIAN_POINT('',(-19.75,-217.,15.0556639162072));
#3252=CARTESIAN_POINT('Origin',(-21.25,-217.,15.0556639162072));
#3253=CARTESIAN_POINT('',(-13.,-217.,19.0556639162072));
#3254=CARTESIAN_POINT('Origin',(-14.5,-217.,19.0556639162072));
#3255=CARTESIAN_POINT('',(-44.5,-217.,19.0556639162072));
#3256=CARTESIAN_POINT('Origin',(-46.,-217.,19.0556639162072));
#3257=CARTESIAN_POINT('',(-24.25,-217.,15.0556639162072));
#3258=CARTESIAN_POINT('Origin',(-25.75,-217.,15.0556639162072));
#3259=CARTESIAN_POINT('',(-4.00000000000003,-217.,19.0556639162072));
#3260=CARTESIAN_POINT('Origin',(-5.50000000000002,-217.,19.0556639162072));
#3261=CARTESIAN_POINT('',(-40.,-217.,19.0556639162072));
#3262=CARTESIAN_POINT('Origin',(-41.5,-217.,19.0556639162072));
#3263=CARTESIAN_POINT('',(-35.5,-217.,19.0556639162072));
#3264=CARTESIAN_POINT('Origin',(-37.,-217.,19.0556639162072));
#3265=CARTESIAN_POINT('',(-38.5999999999994,-217.,26.6931234166602));
#3266=CARTESIAN_POINT('Origin',(-40.0999999999994,-217.,26.6931234166602));
#3267=CARTESIAN_POINT('',(-22.,-217.,19.0556639162072));
#3268=CARTESIAN_POINT('Origin',(-23.5,-217.,19.0556639162072));
#3269=CARTESIAN_POINT('',(7.24999999999997,-217.,15.0556639162072));
#3270=CARTESIAN_POINT('Origin',(5.74999999999997,-217.,15.0556639162072));
#3271=CARTESIAN_POINT('',(4.99999999999997,-217.,19.0556639162072));
#3272=CARTESIAN_POINT('Origin',(3.49999999999997,-217.,19.0556639162072));
#3273=CARTESIAN_POINT('',(-8.89999999999961,-217.,36.59312341666));
#3274=CARTESIAN_POINT('Origin',(-19.9999999999996,-217.,36.59312341666));
#3275=CARTESIAN_POINT('',(2.74999999999996,-217.,15.0556639162072));
#3276=CARTESIAN_POINT('Origin',(1.24999999999996,-217.,15.0556639162072));
#3277=CARTESIAN_POINT('',(-15.25,-217.,15.0556639162072));
#3278=CARTESIAN_POINT('Origin',(-16.75,-217.,15.0556639162072));
#3279=CARTESIAN_POINT('',(-1.75000000000003,-217.,15.0556639162072));
#3280=CARTESIAN_POINT('Origin',(-3.25000000000003,-217.,15.0556639162072));
#3281=CARTESIAN_POINT('',(-51.25,-217.,15.0556639162072));
#3282=CARTESIAN_POINT('Origin',(-52.75,-217.,15.0556639162072));
#3283=CARTESIAN_POINT('',(-62.5,-217.,19.0556639162072));
#3284=CARTESIAN_POINT('Origin',(-64.,-217.,19.0556639162072));
#3285=CARTESIAN_POINT('',(-37.9999999999996,-217.,36.59312341666));
#3286=CARTESIAN_POINT('Origin',(-49.9999999999996,-217.,36.59312341666));
#3287=CARTESIAN_POINT('',(-8.59999999999961,-217.,26.69312341666));
#3288=CARTESIAN_POINT('Origin',(-10.0999999999996,-217.,26.69312341666));
#3289=CARTESIAN_POINT('',(-46.75,-217.,15.0556639162072));
#3290=CARTESIAN_POINT('Origin',(-48.25,-217.,15.0556639162072));
#3291=CARTESIAN_POINT('',(-58.3999999999998,-217.,46.4931234166599));
#3292=CARTESIAN_POINT('Origin',(-59.8999999999998,-217.,46.4931234166599));
#3293=CARTESIAN_POINT('',(23.4161420444909,-217.,-3.19222004853169));
#3294=CARTESIAN_POINT('Origin',(19.9161420444111,-217.,-3.19222004853169));
#3295=CARTESIAN_POINT('',(-60.25,-217.,15.0556639162072));
#3296=CARTESIAN_POINT('Origin',(-61.75,-217.,15.0556639162072));
#3297=CARTESIAN_POINT('',(-10.75,-217.,15.0556639162072));
#3298=CARTESIAN_POINT('Origin',(-12.25,-217.,15.0556639162072));
#3299=CARTESIAN_POINT('',(-26.5,-217.,19.0556639162072));
#3300=CARTESIAN_POINT('Origin',(-28.,-217.,19.0556639162072));
#3301=CARTESIAN_POINT('',(-55.75,-217.,15.0556639162072));
#3302=CARTESIAN_POINT('Origin',(-57.25,-217.,15.0556639162072));
#3303=CARTESIAN_POINT('',(-31.,-217.,19.0556639162072));
#3304=CARTESIAN_POINT('Origin',(-32.5,-217.,19.0556639162072));
#3305=CARTESIAN_POINT('',(-8.50000000000003,-217.,19.0556639162072));
#3306=CARTESIAN_POINT('Origin',(-10.,-217.,19.0556639162072));
#3307=CARTESIAN_POINT('',(-49.,-217.,19.0556639162072));
#3308=CARTESIAN_POINT('Origin',(-50.5,-217.,19.0556639162072));
#3309=CARTESIAN_POINT('',(-53.5,-217.,19.0556639162072));
#3310=CARTESIAN_POINT('Origin',(-55.,-217.,19.0556639162072));
#3311=CARTESIAN_POINT('',(-33.25,-217.,15.0556639162072));
#3312=CARTESIAN_POINT('Origin',(-34.75,-217.,15.0556639162072));
#3313=CARTESIAN_POINT('',(-28.75,-217.,15.0556639162072));
#3314=CARTESIAN_POINT('Origin',(-30.25,-217.,15.0556639162072));
#3315=CARTESIAN_POINT('',(-37.75,-217.,15.0556639162072));
#3316=CARTESIAN_POINT('Origin',(-39.25,-217.,15.0556639162072));
#3317=CARTESIAN_POINT('',(18.361465597897,-217.,25.7999999999999));
#3318=CARTESIAN_POINT('',(18.3614655978971,-217.,49.2));
#3319=CARTESIAN_POINT('',(18.3614655978971,-217.,49.2));
#3320=CARTESIAN_POINT('',(20.3614655978969,-217.,51.1999999999999));
#3321=CARTESIAN_POINT('Origin',(20.3614655978969,-217.,49.1999999999999));
#3322=CARTESIAN_POINT('',(63.1614655978969,-217.,51.2000000000001));
#3323=CARTESIAN_POINT('',(63.1614655978969,-217.,51.1999999999999));
#3324=CARTESIAN_POINT('',(65.1614655978971,-217.,49.2));
#3325=CARTESIAN_POINT('Origin',(63.1614655978969,-217.,49.1999999999999));
#3326=CARTESIAN_POINT('',(65.1614655978971,-217.,25.8));
#3327=CARTESIAN_POINT('',(65.1614655978971,-217.,49.2));
#3328=CARTESIAN_POINT('',(63.1614655978971,-217.,23.8));
#3329=CARTESIAN_POINT('Origin',(63.1614655978969,-217.,25.7999999999999));
#3330=CARTESIAN_POINT('',(20.3614655978972,-217.,23.7999999999999));
#3331=CARTESIAN_POINT('',(63.1614655978971,-217.,23.8));
#3332=CARTESIAN_POINT('Origin',(20.361465597897,-217.,25.7999999999999));
#3333=CARTESIAN_POINT('',(-6.25000000000003,-217.,15.0556639162072));
#3334=CARTESIAN_POINT('Origin',(-7.75000000000003,-217.,15.0556639162072));
#3335=CARTESIAN_POINT('',(11.75,-217.,15.0556639162072));
#3336=CARTESIAN_POINT('Origin',(10.25,-217.,15.0556639162072));
#3337=CARTESIAN_POINT('',(-42.25,-217.,15.0556639162072));
#3338=CARTESIAN_POINT('Origin',(-43.75,-217.,15.0556639162072));
#3339=CARTESIAN_POINT('',(-17.5,-217.,19.0556639162072));
#3340=CARTESIAN_POINT('Origin',(-19.,-217.,19.0556639162072));
#3341=CARTESIAN_POINT('',(-58.,-217.,19.0556639162072));
#3342=CARTESIAN_POINT('Origin',(-59.5,-217.,19.0556639162072));
#3343=CARTESIAN_POINT('',(9.49999999999997,-217.,19.0556639162072));
#3344=CARTESIAN_POINT('Origin',(7.99999999999997,-217.,19.0556639162072));
#3345=CARTESIAN_POINT('',(0.499999999999967,-217.,19.0556639162072));
#3346=CARTESIAN_POINT('Origin',(-1.00000000000003,-217.,19.0556639162072));
#3347=CARTESIAN_POINT('',(-68.,-217.,60.));
#3348=CARTESIAN_POINT('Origin',(-71.,-217.,60.));
#3349=CARTESIAN_POINT('',(-68.,-217.,-60.0000000000001));
#3350=CARTESIAN_POINT('Origin',(-71.,-217.,-60.0000000000001));
#3351=CARTESIAN_POINT('',(25.1517894598969,-217.,-49.5739370919654));
#3352=CARTESIAN_POINT('Origin',(22.1517894598969,-217.,-49.5739370919654));
#3353=CARTESIAN_POINT('',(74.0000000000001,-217.,-60.));
#3354=CARTESIAN_POINT('Origin',(71.0000000000001,-217.,-60.));
#3355=CARTESIAN_POINT('',(3.00000000000003,-217.,60.));
#3356=CARTESIAN_POINT('Origin',(2.60902410786911E-14,-217.,60.));
#3357=CARTESIAN_POINT('Origin',(-9.55445641259548,-216.5,-12.5422200485316));
#3358=CARTESIAN_POINT('',(-9.5544564125955,-216.,-14.5422200485316));
#3359=CARTESIAN_POINT('',(-9.5544564125955,-217.,-15.5422200485316));
#3360=CARTESIAN_POINT('',(-11.5544564125955,-216.,-12.5422200485316));
#3361=CARTESIAN_POINT('Origin',(-9.55445641259548,-216.,-12.5422200485316));
#3362=CARTESIAN_POINT('',(-11.5544564125955,-216.,-12.5422200485316));
#3363=CARTESIAN_POINT('Origin',(0.472771793702201,-216.5,-15.0422200485317));
#3364=CARTESIAN_POINT('',(-1.05445641259548,-216.,-14.5422200485317));
#3365=CARTESIAN_POINT('',(-1.05445641259549,-217.,-15.5422200485317));
#3366=CARTESIAN_POINT('',(0.472771793702207,-216.,-14.5422200485317));
#3367=CARTESIAN_POINT('Origin',(-1.05445641259546,-216.5,-12.5422200485317));
#3368=CARTESIAN_POINT('',(0.945543587404537,-216.,-12.5422200485317));
#3369=CARTESIAN_POINT('',(1.94554358740454,-217.,-12.5422200485318));
#3370=CARTESIAN_POINT('Origin',(-1.05445641259546,-216.,-12.5422200485317));
#3371=CARTESIAN_POINT('Origin',(1.4455435874047,-216.5,4.07888997573411));
#3372=CARTESIAN_POINT('',(0.945543587404726,-216.,6.15777995146825));
#3373=CARTESIAN_POINT('',(1.94554358740473,-217.,6.15777995146824));
#3374=CARTESIAN_POINT('',(0.945543587404705,-216.,4.07888997573412));
#3375=CARTESIAN_POINT('Origin',(-1.05445641259527,-216.5,6.15777995146827));
#3376=CARTESIAN_POINT('',(-1.05445641259525,-216.,8.15777995146827));
#3377=CARTESIAN_POINT('',(-1.05445641259524,-217.,9.15777995146827));
#3378=CARTESIAN_POINT('Origin',(-1.05445641259527,-216.,6.15777995146827));
#3379=CARTESIAN_POINT('Origin',(-5.77722820629757,-216.5,8.65777995146832));
#3380=CARTESIAN_POINT('',(-9.55445641259527,-216.,8.15777995146835));
#3381=CARTESIAN_POINT('',(-9.55445641259526,-217.,9.15777995146835));
#3382=CARTESIAN_POINT('',(-5.77722820629757,-216.,8.15777995146832));
#3383=CARTESIAN_POINT('Origin',(-9.55445641259529,-216.5,6.15777995146835));
#3384=CARTESIAN_POINT('',(-11.5544564125953,-216.,6.15777995146837));
#3385=CARTESIAN_POINT('',(-12.5544564125953,-217.,6.15777995146838));
#3386=CARTESIAN_POINT('Origin',(-9.55445641259529,-216.,6.15777995146835));
#3387=CARTESIAN_POINT('Origin',(-12.0544564125954,-216.5,-7.27111002426575));
#3388=CARTESIAN_POINT('',(-11.5544564125954,-216.,-7.27111002426576));
#3389=CARTESIAN_POINT('Origin',(-11.5544564125953,-215.,8.15777995146837));
#3390=CARTESIAN_POINT('',(-9.55445641259527,-215.,8.15777995146835));
#3391=CARTESIAN_POINT('',(-9.55445641259527,-215.,8.15777995146835));
#3392=CARTESIAN_POINT('',(-1.05445641259525,-215.,8.15777995146827));
#3393=CARTESIAN_POINT('',(0.945543587404746,-215.,8.15777995146825));
#3394=CARTESIAN_POINT('',(-1.05445641259525,-215.,8.15777995146827));
#3395=CARTESIAN_POINT('Origin',(-9.55445641259529,-215.,6.15777995146835));
#3396=CARTESIAN_POINT('',(-11.5544564125953,-215.,6.15777995146837));
#3397=CARTESIAN_POINT('',(-11.5544564125953,-215.,6.15777995146837));
#3398=CARTESIAN_POINT('Origin',(-9.55445641259529,-215.,6.15777995146835));
#3399=CARTESIAN_POINT('Origin',(-11.5544564125955,-215.,-14.5422200485316));
#3400=CARTESIAN_POINT('',(-11.5544564125955,-215.,-12.5422200485316));
#3401=CARTESIAN_POINT('',(-11.5544564125955,-215.,-12.5422200485316));
#3402=CARTESIAN_POINT('',(-11.5544564125953,-215.,8.15777995146837));
#3403=CARTESIAN_POINT('Origin',(-9.55445641259548,-215.,-12.5422200485316));
#3404=CARTESIAN_POINT('',(-9.5544564125955,-215.,-14.5422200485316));
#3405=CARTESIAN_POINT('',(-9.5544564125955,-215.,-14.5422200485316));
#3406=CARTESIAN_POINT('Origin',(-9.55445641259548,-215.,-12.5422200485316));
#3407=CARTESIAN_POINT('Origin',(-1.05445641259527,-215.,6.15777995146827));
#3408=CARTESIAN_POINT('',(0.945543587404726,-215.,6.15777995146825));
#3409=CARTESIAN_POINT('Origin',(-1.05445641259527,-215.,6.15777995146827));
#3410=CARTESIAN_POINT('',(0.945543587404726,-215.,6.15777995146825));
#3411=CARTESIAN_POINT('Origin',(0.945543587404746,-215.,8.15777995146825));
#3412=CARTESIAN_POINT('',(0.945543587404537,-215.,-12.5422200485317));
#3413=CARTESIAN_POINT('',(0.945543587404517,-215.,-14.5422200485318));
#3414=CARTESIAN_POINT('',(0.945543587404537,-215.,-12.5422200485317));
#3415=CARTESIAN_POINT('Origin',(-1.05445641259546,-215.,-12.5422200485317));
#3416=CARTESIAN_POINT('',(-1.05445641259548,-215.,-14.5422200485317));
#3417=CARTESIAN_POINT('Origin',(-1.05445641259546,-215.,-12.5422200485317));
#3418=CARTESIAN_POINT('',(-1.05445641259548,-215.,-14.5422200485317));
#3419=CARTESIAN_POINT('Origin',(0.945543587404516,-215.,-14.5422200485318));
#3420=CARTESIAN_POINT('',(-11.5544564125955,-215.,-14.5422200485316));
#3421=CARTESIAN_POINT('Origin',(2.60902410786911E-14,-216.25,60.));
#3422=CARTESIAN_POINT('',(1.50000000000003,-215.5,60.));
#3423=CARTESIAN_POINT('',(2.25000000000003,-216.25,60.));
#3424=CARTESIAN_POINT('Origin',(2.60902410786911E-14,-215.5,60.));
#3425=CARTESIAN_POINT('Origin',(2.60902410786911E-14,-215.,60.));
#3426=CARTESIAN_POINT('',(1.50000000000003,-215.,60.));
#3427=CARTESIAN_POINT('',(1.50000000000003,-215.,60.));
#3428=CARTESIAN_POINT('Origin',(2.60902410786911E-14,-215.,60.));
#3429=CARTESIAN_POINT('Origin',(71.0000000000001,-216.25,60.));
#3430=CARTESIAN_POINT('',(72.5000000000001,-215.5,60.));
#3431=CARTESIAN_POINT('',(73.2500000000001,-216.25,60.));
#3432=CARTESIAN_POINT('Origin',(71.0000000000001,-215.5,60.));
#3433=CARTESIAN_POINT('Origin',(71.0000000000001,-215.,60.));
#3434=CARTESIAN_POINT('',(72.5000000000001,-215.,60.));
#3435=CARTESIAN_POINT('',(72.5000000000001,-215.,60.));
#3436=CARTESIAN_POINT('Origin',(71.0000000000001,-215.,60.));
#3437=CARTESIAN_POINT('Origin',(71.0000000000001,-216.25,-60.));
#3438=CARTESIAN_POINT('',(72.5000000000001,-215.5,-60.));
#3439=CARTESIAN_POINT('',(73.2500000000001,-216.25,-60.));
#3440=CARTESIAN_POINT('Origin',(71.0000000000001,-215.5,-60.));
#3441=CARTESIAN_POINT('Origin',(71.0000000000001,-215.,-60.));
#3442=CARTESIAN_POINT('',(72.5000000000001,-215.,-60.));
#3443=CARTESIAN_POINT('',(72.5000000000001,-215.,-60.));
#3444=CARTESIAN_POINT('Origin',(71.0000000000001,-215.,-60.));
#3445=CARTESIAN_POINT('Origin',(22.1394958353097,-216.25,-15.1854433149784));
#3446=CARTESIAN_POINT('',(23.6394958353097,-215.5,-15.1854433149784));
#3447=CARTESIAN_POINT('',(24.3894958353097,-216.25,-15.1854433149784));
#3448=CARTESIAN_POINT('Origin',(22.1394958353097,-215.5,-15.1854433149784));
#3449=CARTESIAN_POINT('Origin',(22.1394958353097,-215.,-15.1854433149784));
#3450=CARTESIAN_POINT('',(23.6394958353097,-215.,-15.1854433149784));
#3451=CARTESIAN_POINT('',(23.6394958353097,-215.,-15.1854433149784));
#3452=CARTESIAN_POINT('Origin',(22.1394958353097,-215.,-15.1854433149784));
#3453=CARTESIAN_POINT('Origin',(22.1517894598969,-216.25,-49.5739370919654));
#3454=CARTESIAN_POINT('',(23.6517894598969,-215.5,-49.5739370919654));
#3455=CARTESIAN_POINT('',(24.4017894598969,-216.25,-49.5739370919654));
#3456=CARTESIAN_POINT('Origin',(22.1517894598969,-215.5,-49.5739370919654));
#3457=CARTESIAN_POINT('Origin',(22.1517894598969,-215.,-49.5739370919654));
#3458=CARTESIAN_POINT('',(23.6517894598969,-215.,-49.5739370919654));
#3459=CARTESIAN_POINT('',(23.6517894598969,-215.,-49.5739370919654));
#3460=CARTESIAN_POINT('Origin',(22.1517894598969,-215.,-49.5739370919654));
#3461=CARTESIAN_POINT('Origin',(6.27276008913213E-14,-216.25,-60.));
#3462=CARTESIAN_POINT('',(1.50000000000006,-215.5,-60.));
#3463=CARTESIAN_POINT('',(2.25000000000006,-216.25,-60.));
#3464=CARTESIAN_POINT('Origin',(6.27276008913213E-14,-215.5,-60.));
#3465=CARTESIAN_POINT('Origin',(6.27276008913213E-14,-215.,-60.));
#3466=CARTESIAN_POINT('',(1.50000000000006,-215.,-60.));
#3467=CARTESIAN_POINT('',(1.50000000000006,-215.,-60.));
#3468=CARTESIAN_POINT('Origin',(6.27276008913213E-14,-215.,-60.));
#3469=CARTESIAN_POINT('Origin',(-71.,-216.25,-60.0000000000001));
#3470=CARTESIAN_POINT('',(-69.5,-215.5,-60.0000000000001));
#3471=CARTESIAN_POINT('',(-68.75,-216.25,-60.0000000000001));
#3472=CARTESIAN_POINT('Origin',(-71.,-215.5,-60.0000000000001));
#3473=CARTESIAN_POINT('Origin',(-71.,-215.,-60.0000000000001));
#3474=CARTESIAN_POINT('',(-69.5,-215.,-60.0000000000001));
#3475=CARTESIAN_POINT('',(-69.5,-215.,-60.0000000000001));
#3476=CARTESIAN_POINT('Origin',(-71.,-215.,-60.0000000000001));
#3477=CARTESIAN_POINT('Origin',(-69.4153936744681,-216.25,-49.5739370919658));
#3478=CARTESIAN_POINT('',(-67.9153936744681,-215.5,-49.5739370919658));
#3479=CARTESIAN_POINT('',(-67.1653936744681,-216.25,-49.5739370919658));
#3480=CARTESIAN_POINT('Origin',(-69.4153936744681,-215.5,-49.5739370919658));
#3481=CARTESIAN_POINT('Origin',(-69.4153936744681,-215.,-49.5739370919658));
#3482=CARTESIAN_POINT('',(-67.9153936744681,-215.,-49.5739370919658));
#3483=CARTESIAN_POINT('',(-67.9153936744681,-215.,-49.5739370919658));
#3484=CARTESIAN_POINT('Origin',(-69.4153936744681,-215.,-49.5739370919658));
#3485=CARTESIAN_POINT('Origin',(-71.,-216.25,60.));
#3486=CARTESIAN_POINT('',(-69.5,-215.5,60.));
#3487=CARTESIAN_POINT('',(-68.75,-216.25,60.));
#3488=CARTESIAN_POINT('Origin',(-71.,-215.5,60.));
#3489=CARTESIAN_POINT('Origin',(-71.,-215.,60.));
#3490=CARTESIAN_POINT('',(-69.5,-215.,60.));
#3491=CARTESIAN_POINT('',(-69.5,-215.,60.));
#3492=CARTESIAN_POINT('Origin',(-71.,-215.,60.));
#3493=CARTESIAN_POINT('Origin',(-69.4276872990484,-216.25,7.03960113511023));
#3494=CARTESIAN_POINT('',(-67.9276872990484,-215.5,7.03960113511023));
#3495=CARTESIAN_POINT('',(-67.1776872990484,-216.25,7.03960113511023));
#3496=CARTESIAN_POINT('Origin',(-69.4276872990484,-215.5,7.03960113511023));
#3497=CARTESIAN_POINT('Origin',(-69.4276872990484,-215.,7.03960113511023));
#3498=CARTESIAN_POINT('',(-67.9276872990484,-215.,7.03960113511023));
#3499=CARTESIAN_POINT('',(-67.9276872990484,-215.,7.03960113511023));
#3500=CARTESIAN_POINT('Origin',(-69.4276872990484,-215.,7.03960113511023));
#3501=CARTESIAN_POINT('Origin',(71.0000000000001,-215.,60.0000000000001));
#3502=CARTESIAN_POINT('',(76.0000000000001,-215.,60.0000000000001));
#3503=CARTESIAN_POINT('',(76.0000000000001,-215.,60.0000000000001));
#3504=CARTESIAN_POINT('',(71.0000000000001,-215.,65.0000000000001));
#3505=CARTESIAN_POINT('Origin',(71.0000000000001,-215.,60.0000000000001));
#3506=CARTESIAN_POINT('',(71.0000000000001,-215.,65.0000000000001));
#3507=CARTESIAN_POINT('Origin',(76.0000000000001,-215.,65.0000000000001));
#3508=CARTESIAN_POINT('',(-71.0000000000001,-215.,65.));
#3509=CARTESIAN_POINT('',(-76.0000000000001,-215.,65.));
#3510=CARTESIAN_POINT('',(-71.0000000000001,-215.,65.));
#3511=CARTESIAN_POINT('Origin',(4.44089209850063E-14,-215.,-8.88178419700126E-15));
#3512=CARTESIAN_POINT('',(76.0000000000001,-215.,-60.));
#3513=CARTESIAN_POINT('',(76.0000000000001,-215.,65.0000000000001));
#3514=CARTESIAN_POINT('',(71.0000000000001,-215.,-65.));
#3515=CARTESIAN_POINT('Origin',(71.0000000000001,-215.,-60.));
#3516=CARTESIAN_POINT('',(-71.,-215.,-65.0000000000001));
#3517=CARTESIAN_POINT('',(76.0000000000001,-215.,-65.));
#3518=CARTESIAN_POINT('',(-76.,-215.,-60.0000000000001));
#3519=CARTESIAN_POINT('Origin',(-71.,-215.,-60.0000000000001));
#3520=CARTESIAN_POINT('',(-76.0000000000001,-215.,60.));
#3521=CARTESIAN_POINT('',(-76.,-215.,-65.0000000000001));
#3522=CARTESIAN_POINT('Origin',(-71.0000000000001,-215.,60.));
#3523=CARTESIAN_POINT('',(-19.75,-215.,15.0556639162072));
#3524=CARTESIAN_POINT('Origin',(-21.25,-215.,15.0556639162072));
#3525=CARTESIAN_POINT('',(-13.,-215.,19.0556639162072));
#3526=CARTESIAN_POINT('Origin',(-14.5,-215.,19.0556639162072));
#3527=CARTESIAN_POINT('',(-44.5,-215.,19.0556639162072));
#3528=CARTESIAN_POINT('Origin',(-46.,-215.,19.0556639162072));
#3529=CARTESIAN_POINT('',(-24.25,-215.,15.0556639162072));
#3530=CARTESIAN_POINT('Origin',(-25.75,-215.,15.0556639162072));
#3531=CARTESIAN_POINT('',(-4.00000000000002,-215.,19.0556639162072));
#3532=CARTESIAN_POINT('Origin',(-5.50000000000002,-215.,19.0556639162072));
#3533=CARTESIAN_POINT('',(-40.,-215.,19.0556639162072));
#3534=CARTESIAN_POINT('Origin',(-41.5,-215.,19.0556639162072));
#3535=CARTESIAN_POINT('',(-35.5,-215.,19.0556639162072));
#3536=CARTESIAN_POINT('Origin',(-37.,-215.,19.0556639162072));
#3537=CARTESIAN_POINT('',(-38.5999999999994,-215.,26.6931234166602));
#3538=CARTESIAN_POINT('Origin',(-40.0999999999994,-215.,26.6931234166602));
#3539=CARTESIAN_POINT('',(-22.,-215.,19.0556639162072));
#3540=CARTESIAN_POINT('Origin',(-23.5,-215.,19.0556639162072));
#3541=CARTESIAN_POINT('',(7.24999999999997,-215.,15.0556639162072));
#3542=CARTESIAN_POINT('Origin',(5.74999999999997,-215.,15.0556639162072));
#3543=CARTESIAN_POINT('',(4.99999999999997,-215.,19.0556639162072));
#3544=CARTESIAN_POINT('Origin',(3.49999999999997,-215.,19.0556639162072));
#3545=CARTESIAN_POINT('',(-20.3372350011276,-215.,-7.65646087901002));
#3546=CARTESIAN_POINT('',(-20.3372350011276,-215.,-7.65646087901002));
#3547=CARTESIAN_POINT('',(-19.0872350011276,-215.,-6.40646087901003));
#3548=CARTESIAN_POINT('Origin',(-20.3372350011276,-215.,-6.40646087901003));
#3549=CARTESIAN_POINT('',(-19.0872350011276,-215.,-0.0164608790100445));
#3550=CARTESIAN_POINT('',(-19.0872350011276,-215.,-0.0164608790100445));
#3551=CARTESIAN_POINT('Origin',(-20.3372350011276,-215.,-0.0164608790100435));
#3552=CARTESIAN_POINT('',(-8.89999999999961,-215.,36.59312341666));
#3553=CARTESIAN_POINT('Origin',(-19.9999999999996,-215.,36.59312341666));
#3554=CARTESIAN_POINT('',(2.74999999999996,-215.,15.0556639162072));
#3555=CARTESIAN_POINT('Origin',(1.24999999999996,-215.,15.0556639162072));
#3556=CARTESIAN_POINT('',(-15.25,-215.,15.0556639162072));
#3557=CARTESIAN_POINT('Origin',(-16.75,-215.,15.0556639162072));
#3558=CARTESIAN_POINT('',(-1.75000000000003,-215.,15.0556639162072));
#3559=CARTESIAN_POINT('Origin',(-3.25000000000003,-215.,15.0556639162072));
#3560=CARTESIAN_POINT('',(-51.25,-215.,15.0556639162072));
#3561=CARTESIAN_POINT('Origin',(-52.75,-215.,15.0556639162072));
#3562=CARTESIAN_POINT('',(-62.5,-215.,19.0556639162072));
#3563=CARTESIAN_POINT('Origin',(-64.,-215.,19.0556639162072));
#3564=CARTESIAN_POINT('',(-37.9999999999996,-215.,36.59312341666));
#3565=CARTESIAN_POINT('Origin',(-49.9999999999996,-215.,36.59312341666));
#3566=CARTESIAN_POINT('',(-8.59999999999961,-215.,26.69312341666));
#3567=CARTESIAN_POINT('Origin',(-10.0999999999996,-215.,26.69312341666));
#3568=CARTESIAN_POINT('',(-46.75,-215.,15.0556639162072));
#3569=CARTESIAN_POINT('Origin',(-48.25,-215.,15.0556639162072));
#3570=CARTESIAN_POINT('',(-58.3999999999998,-215.,46.4931234166599));
#3571=CARTESIAN_POINT('Origin',(-59.8999999999998,-215.,46.4931234166599));
#3572=CARTESIAN_POINT('',(23.4161420444909,-215.,-3.19222004853169));
#3573=CARTESIAN_POINT('Origin',(19.9161420444111,-215.,-3.19222004853169));
#3574=CARTESIAN_POINT('',(-60.25,-215.,15.0556639162072));
#3575=CARTESIAN_POINT('Origin',(-61.75,-215.,15.0556639162072));
#3576=CARTESIAN_POINT('',(-10.75,-215.,15.0556639162072));
#3577=CARTESIAN_POINT('Origin',(-12.25,-215.,15.0556639162072));
#3578=CARTESIAN_POINT('',(-26.5,-215.,19.0556639162072));
#3579=CARTESIAN_POINT('Origin',(-28.,-215.,19.0556639162072));
#3580=CARTESIAN_POINT('',(-55.75,-215.,15.0556639162072));
#3581=CARTESIAN_POINT('Origin',(-57.25,-215.,15.0556639162072));
#3582=CARTESIAN_POINT('',(-31.,-215.,19.0556639162072));
#3583=CARTESIAN_POINT('Origin',(-32.5,-215.,19.0556639162072));
#3584=CARTESIAN_POINT('',(-8.50000000000003,-215.,19.0556639162072));
#3585=CARTESIAN_POINT('Origin',(-10.,-215.,19.0556639162072));
#3586=CARTESIAN_POINT('',(-49.,-215.,19.0556639162072));
#3587=CARTESIAN_POINT('Origin',(-50.5,-215.,19.0556639162072));
#3588=CARTESIAN_POINT('',(-53.5,-215.,19.0556639162072));
#3589=CARTESIAN_POINT('Origin',(-55.,-215.,19.0556639162072));
#3590=CARTESIAN_POINT('',(-33.25,-215.,15.0556639162072));
#3591=CARTESIAN_POINT('Origin',(-34.75,-215.,15.0556639162072));
#3592=CARTESIAN_POINT('',(-28.75,-215.,15.0556639162072));
#3593=CARTESIAN_POINT('Origin',(-30.25,-215.,15.0556639162072));
#3594=CARTESIAN_POINT('',(-37.75,-215.,15.0556639162072));
#3595=CARTESIAN_POINT('Origin',(-39.25,-215.,15.0556639162072));
#3596=CARTESIAN_POINT('',(18.361465597897,-215.,25.7999999999999));
#3597=CARTESIAN_POINT('',(18.3614655978971,-215.,49.2));
#3598=CARTESIAN_POINT('',(18.3614655978971,-215.,49.2));
#3599=CARTESIAN_POINT('',(20.3614655978972,-215.,23.7999999999999));
#3600=CARTESIAN_POINT('Origin',(20.361465597897,-215.,25.7999999999999));
#3601=CARTESIAN_POINT('',(63.1614655978971,-215.,23.8));
#3602=CARTESIAN_POINT('',(63.1614655978971,-215.,23.8));
#3603=CARTESIAN_POINT('',(65.1614655978971,-215.,25.8));
#3604=CARTESIAN_POINT('Origin',(63.1614655978969,-215.,25.7999999999999));
#3605=CARTESIAN_POINT('',(65.1614655978971,-215.,49.2));
#3606=CARTESIAN_POINT('',(65.1614655978971,-215.,49.2));
#3607=CARTESIAN_POINT('',(63.1614655978969,-215.,51.2000000000001));
#3608=CARTESIAN_POINT('Origin',(63.1614655978969,-215.,49.1999999999999));
#3609=CARTESIAN_POINT('',(20.3614655978969,-215.,51.1999999999999));
#3610=CARTESIAN_POINT('',(63.1614655978969,-215.,51.1999999999999));
#3611=CARTESIAN_POINT('Origin',(20.3614655978969,-215.,49.1999999999999));
#3612=CARTESIAN_POINT('',(-6.25000000000003,-215.,15.0556639162072));
#3613=CARTESIAN_POINT('Origin',(-7.75000000000003,-215.,15.0556639162072));
#3614=CARTESIAN_POINT('',(11.75,-215.,15.0556639162072));
#3615=CARTESIAN_POINT('Origin',(10.25,-215.,15.0556639162072));
#3616=CARTESIAN_POINT('',(-42.25,-215.,15.0556639162072));
#3617=CARTESIAN_POINT('Origin',(-43.75,-215.,15.0556639162072));
#3618=CARTESIAN_POINT('',(-17.5,-215.,19.0556639162072));
#3619=CARTESIAN_POINT('Origin',(-19.,-215.,19.0556639162072));
#3620=CARTESIAN_POINT('',(-58.,-215.,19.0556639162072));
#3621=CARTESIAN_POINT('Origin',(-59.5,-215.,19.0556639162072));
#3622=CARTESIAN_POINT('',(9.49999999999997,-215.,19.0556639162072));
#3623=CARTESIAN_POINT('Origin',(7.99999999999997,-215.,19.0556639162072));
#3624=CARTESIAN_POINT('',(0.499999999999968,-215.,19.0556639162072));
#3625=CARTESIAN_POINT('Origin',(-1.00000000000003,-215.,19.0556639162072));
#3626=CARTESIAN_POINT('Origin',(71.0000000000001,-215.,-60.));
#3627=CARTESIAN_POINT('',(71.0000000000001,-215.,-65.));
#3628=CARTESIAN_POINT('',(76.0000000000001,-215.,-60.));
#3629=CARTESIAN_POINT('Origin',(-76.,-215.,-65.0000000000001));
#3630=CARTESIAN_POINT('',(-71.,-215.,-65.0000000000001));
#3631=CARTESIAN_POINT('Origin',(-71.,-215.,-60.0000000000001));
#3632=CARTESIAN_POINT('',(-76.,-215.,-60.0000000000001));
#3633=CARTESIAN_POINT('Origin',(-71.0000000000001,-215.,60.));
#3634=CARTESIAN_POINT('',(-76.0000000000001,-215.,60.));
#3635=CARTESIAN_POINT('Origin',(-1.00000000000003,-215.,19.0556639162072));
#3636=CARTESIAN_POINT('',(0.499999999999968,-215.,19.0556639162072));
#3637=CARTESIAN_POINT('Origin',(7.99999999999997,-215.,19.0556639162072));
#3638=CARTESIAN_POINT('',(9.49999999999997,-215.,19.0556639162072));
#3639=CARTESIAN_POINT('Origin',(-59.5,-215.,19.0556639162072));
#3640=CARTESIAN_POINT('',(-58.,-215.,19.0556639162072));
#3641=CARTESIAN_POINT('Origin',(-19.,-215.,19.0556639162072));
#3642=CARTESIAN_POINT('',(-17.5,-215.,19.0556639162072));
#3643=CARTESIAN_POINT('Origin',(-43.75,-215.,15.0556639162072));
#3644=CARTESIAN_POINT('',(-42.25,-215.,15.0556639162072));
#3645=CARTESIAN_POINT('Origin',(10.25,-215.,15.0556639162072));
#3646=CARTESIAN_POINT('',(11.75,-215.,15.0556639162072));
#3647=CARTESIAN_POINT('Origin',(-7.75000000000003,-215.,15.0556639162072));
#3648=CARTESIAN_POINT('',(-6.25000000000003,-215.,15.0556639162072));
#3649=CARTESIAN_POINT('Origin',(20.361465597897,-215.,25.7999999999999));
#3650=CARTESIAN_POINT('',(18.361465597897,-215.,25.7999999999999));
#3651=CARTESIAN_POINT('',(20.3614655978972,-215.,23.7999999999999));
#3652=CARTESIAN_POINT('Origin',(63.1614655978971,-215.,23.8));
#3653=CARTESIAN_POINT('',(63.1614655978971,-215.,23.8));
#3654=CARTESIAN_POINT('Origin',(63.1614655978969,-215.,25.7999999999999));
#3655=CARTESIAN_POINT('',(65.1614655978971,-215.,25.8));
#3656=CARTESIAN_POINT('Origin',(65.1614655978971,-215.,49.2));
#3657=CARTESIAN_POINT('',(65.1614655978971,-215.,49.2));
#3658=CARTESIAN_POINT('Origin',(63.1614655978969,-215.,49.1999999999999));
#3659=CARTESIAN_POINT('',(63.1614655978969,-215.,51.2000000000001));
#3660=CARTESIAN_POINT('Origin',(20.3614655978969,-215.,51.1999999999999));
#3661=CARTESIAN_POINT('',(20.3614655978969,-215.,51.1999999999999));
#3662=CARTESIAN_POINT('Origin',(20.3614655978969,-215.,49.1999999999999));
#3663=CARTESIAN_POINT('',(18.3614655978971,-215.,49.2));
#3664=CARTESIAN_POINT('Origin',(18.3614655978972,-215.,25.7999999999999));
#3665=CARTESIAN_POINT('Origin',(-39.25,-215.,15.0556639162072));
#3666=CARTESIAN_POINT('',(-37.75,-215.,15.0556639162072));
#3667=CARTESIAN_POINT('Origin',(-30.25,-215.,15.0556639162072));
#3668=CARTESIAN_POINT('',(-28.75,-215.,15.0556639162072));
#3669=CARTESIAN_POINT('Origin',(-34.75,-215.,15.0556639162072));
#3670=CARTESIAN_POINT('',(-33.25,-215.,15.0556639162072));
#3671=CARTESIAN_POINT('Origin',(-55.,-215.,19.0556639162072));
#3672=CARTESIAN_POINT('',(-53.5,-215.,19.0556639162072));
#3673=CARTESIAN_POINT('Origin',(-50.5,-215.,19.0556639162072));
#3674=CARTESIAN_POINT('',(-49.,-215.,19.0556639162072));
#3675=CARTESIAN_POINT('Origin',(-10.,-215.,19.0556639162072));
#3676=CARTESIAN_POINT('',(-8.50000000000003,-215.,19.0556639162072));
#3677=CARTESIAN_POINT('Origin',(-32.5,-215.,19.0556639162072));
#3678=CARTESIAN_POINT('',(-31.,-215.,19.0556639162072));
#3679=CARTESIAN_POINT('Origin',(-57.25,-215.,15.0556639162072));
#3680=CARTESIAN_POINT('',(-55.75,-215.,15.0556639162072));
#3681=CARTESIAN_POINT('Origin',(-28.,-215.,19.0556639162072));
#3682=CARTESIAN_POINT('',(-26.5,-215.,19.0556639162072));
#3683=CARTESIAN_POINT('Origin',(-12.25,-215.,15.0556639162072));
#3684=CARTESIAN_POINT('',(-10.75,-215.,15.0556639162072));
#3685=CARTESIAN_POINT('Origin',(-61.75,-215.,15.0556639162072));
#3686=CARTESIAN_POINT('',(-60.25,-215.,15.0556639162072));
#3687=CARTESIAN_POINT('Origin',(19.9161420444111,-215.,-3.19222004853169));
#3688=CARTESIAN_POINT('',(23.4161420444909,-215.,-3.19222004853169));
#3689=CARTESIAN_POINT('Origin',(-59.8999999999998,-215.,46.4931234166599));
#3690=CARTESIAN_POINT('',(-58.3999999999998,-215.,46.4931234166599));
#3691=CARTESIAN_POINT('Origin',(-48.25,-215.,15.0556639162072));
#3692=CARTESIAN_POINT('',(-46.75,-215.,15.0556639162072));
#3693=CARTESIAN_POINT('Origin',(-10.0999999999996,-215.,26.69312341666));
#3694=CARTESIAN_POINT('',(-8.59999999999961,-215.,26.69312341666));
#3695=CARTESIAN_POINT('Origin',(-49.9999999999996,-215.,36.59312341666));
#3696=CARTESIAN_POINT('',(-37.9999999999996,-215.,36.59312341666));
#3697=CARTESIAN_POINT('Origin',(-64.,-215.,19.0556639162072));
#3698=CARTESIAN_POINT('',(-62.5,-215.,19.0556639162072));
#3699=CARTESIAN_POINT('Origin',(-52.75,-215.,15.0556639162072));
#3700=CARTESIAN_POINT('',(-51.25,-215.,15.0556639162072));
#3701=CARTESIAN_POINT('Origin',(-3.25000000000003,-215.,15.0556639162072));
#3702=CARTESIAN_POINT('',(-1.75000000000003,-215.,15.0556639162072));
#3703=CARTESIAN_POINT('Origin',(-16.75,-215.,15.0556639162072));
#3704=CARTESIAN_POINT('',(-15.25,-215.,15.0556639162072));
#3705=CARTESIAN_POINT('Origin',(1.24999999999996,-215.,15.0556639162072));
#3706=CARTESIAN_POINT('',(2.74999999999996,-215.,15.0556639162072));
#3707=CARTESIAN_POINT('Origin',(-19.9999999999996,-215.,36.59312341666));
#3708=CARTESIAN_POINT('',(-8.89999999999961,-215.,36.59312341666));
#3709=CARTESIAN_POINT('Origin',(-20.3372350011276,-215.,-7.65646087901002));
#3710=CARTESIAN_POINT('',(-20.3372350011276,-215.,-7.65646087901002));
#3711=CARTESIAN_POINT('Origin',(-20.3372350011276,-215.,-6.40646087901003));
#3712=CARTESIAN_POINT('',(-19.0872350011276,-215.,-6.40646087901003));
#3713=CARTESIAN_POINT('Origin',(-19.0872350011276,-215.,-0.0164608790100445));
#3714=CARTESIAN_POINT('',(-19.0872350011276,-215.,-0.0164608790100445));
#3715=CARTESIAN_POINT('Origin',(-20.3372350011276,-215.,-0.0164608790100435));
#3716=CARTESIAN_POINT('Origin',(3.49999999999997,-215.,19.0556639162072));
#3717=CARTESIAN_POINT('',(4.99999999999997,-215.,19.0556639162072));
#3718=CARTESIAN_POINT('Origin',(5.74999999999997,-215.,15.0556639162072));
#3719=CARTESIAN_POINT('',(7.24999999999997,-215.,15.0556639162072));
#3720=CARTESIAN_POINT('Origin',(-23.5,-215.,19.0556639162072));
#3721=CARTESIAN_POINT('',(-22.,-215.,19.0556639162072));
#3722=CARTESIAN_POINT('Origin',(-40.0999999999994,-215.,26.6931234166602));
#3723=CARTESIAN_POINT('',(-38.5999999999994,-215.,26.6931234166602));
#3724=CARTESIAN_POINT('Origin',(-37.,-215.,19.0556639162072));
#3725=CARTESIAN_POINT('',(-35.5,-215.,19.0556639162072));
#3726=CARTESIAN_POINT('Origin',(-41.5,-215.,19.0556639162072));
#3727=CARTESIAN_POINT('',(-40.,-215.,19.0556639162072));
#3728=CARTESIAN_POINT('Origin',(-5.50000000000002,-215.,19.0556639162072));
#3729=CARTESIAN_POINT('',(-4.00000000000002,-215.,19.0556639162072));
#3730=CARTESIAN_POINT('Origin',(-25.75,-215.,15.0556639162072));
#3731=CARTESIAN_POINT('',(-24.25,-215.,15.0556639162072));
#3732=CARTESIAN_POINT('Origin',(-46.,-215.,19.0556639162072));
#3733=CARTESIAN_POINT('',(-44.5,-215.,19.0556639162072));
#3734=CARTESIAN_POINT('Origin',(-14.5,-215.,19.0556639162072));
#3735=CARTESIAN_POINT('',(-13.,-215.,19.0556639162072));
#3736=CARTESIAN_POINT('Origin',(-21.25,-215.,15.0556639162072));
#3737=CARTESIAN_POINT('',(-19.75,-215.,15.0556639162072));
#3738=CARTESIAN_POINT('Origin',(76.0000000000001,-215.,-65.));
#3739=CARTESIAN_POINT('Origin',(-76.0000000000001,-215.,65.));
#3740=UNCERTAINTY_MEASURE_WITH_UNIT(LENGTH_MEASURE(0.01),#3744,
'DISTANCE_ACCURACY_VALUE',
'Maximum model space distance between geometric entities at asserted c
onnectivities');
#3741=UNCERTAINTY_MEASURE_WITH_UNIT(LENGTH_MEASURE(0.01),#3744,
'DISTANCE_ACCURACY_VALUE',
'Maximum model space distance between geometric entities at asserted c
onnectivities');
#3742=(
GEOMETRIC_REPRESENTATION_CONTEXT(3)
GLOBAL_UNCERTAINTY_ASSIGNED_CONTEXT((#3740))
GLOBAL_UNIT_ASSIGNED_CONTEXT((#3744,#3746,#3747))
REPRESENTATION_CONTEXT('','3D')
);
#3743=(
GEOMETRIC_REPRESENTATION_CONTEXT(3)
GLOBAL_UNCERTAINTY_ASSIGNED_CONTEXT((#3741))
GLOBAL_UNIT_ASSIGNED_CONTEXT((#3744,#3746,#3747))
REPRESENTATION_CONTEXT('','3D')
);
#3744=(
LENGTH_UNIT()
NAMED_UNIT(*)
SI_UNIT(.MILLI.,.METRE.)
);
#3745=(
LENGTH_UNIT()
NAMED_UNIT(*)
SI_UNIT($,.METRE.)
);
#3746=(
NAMED_UNIT(*)
PLANE_ANGLE_UNIT()
SI_UNIT($,.RADIAN.)
);
#3747=(
NAMED_UNIT(*)
SI_UNIT($,.STERADIAN.)
SOLID_ANGLE_UNIT()
);
#3748=SHAPE_DEFINITION_REPRESENTATION(#3749,#3750);
#3749=PRODUCT_DEFINITION_SHAPE('',$,#3752);
#3750=SHAPE_REPRESENTATION('',(#2210),#3742);
#3751=PRODUCT_DEFINITION_CONTEXT('part definition',#3756,'design');
#3752=PRODUCT_DEFINITION('Fusion-Komponente','Fusion-Komponente',#3753,
#3751);
#3753=PRODUCT_DEFINITION_FORMATION('',$,#3758);
#3754=PRODUCT_RELATED_PRODUCT_CATEGORY('Fusion-Komponente',
'Fusion-Komponente',(#3758));
#3755=APPLICATION_PROTOCOL_DEFINITION('international standard',
'automotive_design',2009,#3756);
#3756=APPLICATION_CONTEXT(
'Core Data for Automotive Mechanical Design Process');
#3757=PRODUCT_CONTEXT('part definition',#3756,'mechanical');
#3758=PRODUCT('Fusion-Komponente','Fusion-Komponente',$,(#3757));
#3759=PRESENTATION_STYLE_ASSIGNMENT((#3761));
#3760=PRESENTATION_STYLE_ASSIGNMENT((#3762));
#3761=SURFACE_STYLE_USAGE(.BOTH.,#3763);
#3762=SURFACE_STYLE_USAGE(.BOTH.,#3764);
#3763=SURFACE_SIDE_STYLE('',(#3765));
#3764=SURFACE_SIDE_STYLE('',(#3766));
#3765=SURFACE_STYLE_FILL_AREA(#3767);
#3766=SURFACE_STYLE_FILL_AREA(#3768);
#3767=FILL_AREA_STYLE('Stahl - satiniert',(#3769));
#3768=FILL_AREA_STYLE('Aluminium - eloxiert, gl\X\E4nzend (Grau)',(#3770));
#3769=FILL_AREA_STYLE_COLOUR('Stahl - satiniert',#3771);
#3770=FILL_AREA_STYLE_COLOUR('Aluminium - eloxiert, gl\X\E4nzend (Grau
)',#3772);
#3771=COLOUR_RGB('Stahl - satiniert',0.627450980392157,0.627450980392157,
0.627450980392157);
#3772=COLOUR_RGB('Aluminium - eloxiert, gl\X\E4nzend (Grau)',0.274509803921569,
0.274509803921569,0.274509803921569);
ENDSEC;
END-ISO-10303-21;
